#0 building with "default" instance using docker driver

#1 [internal] load build definition from Dockerfile
#1 transferring dockerfile: 503B done
#1 DONE 0.0s

#2 [internal] load metadata for nvcr.io/nvidia/nemo:25.02
#2 DONE 0.9s

#3 [internal] load .dockerignore
#3 transferring context: 2B done
#3 DONE 0.0s

#4 [1/3] FROM nvcr.io/nvidia/nemo:25.02@sha256:dcd657afd4b85c9ed3f1c784fe69a826f23915ed650ee453b3fd6812035f9989
#4 resolve nvcr.io/nvidia/nemo:25.02@sha256:dcd657afd4b85c9ed3f1c784fe69a826f23915ed650ee453b3fd6812035f9989 0.0s done
#4 DONE 2.1s

#4 [1/3] FROM nvcr.io/nvidia/nemo:25.02@sha256:dcd657afd4b85c9ed3f1c784fe69a826f23915ed650ee453b3fd6812035f9989
#4 sha256:4f4fb700ef54461cfa02571ae0db9a0dc1e0cdb5577484a6d75e68dc38e8acc1 32B / 32B 0.2s
#4 sha256:14aaa6cf0996493ecb54b215d363b4078d1f743723909caf12b2eb4e4e87fd7d 0B / 1.46kB 0.2s
#4 sha256:8c96002af6ad0b597c099c424c7b1d88e999d48bfd3b87084ea89c8fdf39ebff 0B / 9.25MB 0.2s
#4 sha256:f011da65b9c4ed5695f87cbb300e5847ea28440d1e6dfb12821ba28797ce9862 0B / 13.95MB 0.2s
#4 sha256:14aaa6cf0996493ecb54b215d363b4078d1f743723909caf12b2eb4e4e87fd7d 1.46kB / 1.46kB 0.3s
#4 sha256:4f4fb700ef54461cfa02571ae0db9a0dc1e0cdb5577484a6d75e68dc38e8acc1 32B / 32B 0.7s done
#4 sha256:14aaa6cf0996493ecb54b215d363b4078d1f743723909caf12b2eb4e4e87fd7d 1.46kB / 1.46kB 0.7s done
#4 sha256:8c96002af6ad0b597c099c424c7b1d88e999d48bfd3b87084ea89c8fdf39ebff 9.25MB / 9.25MB 0.8s done
#4 sha256:f011da65b9c4ed5695f87cbb300e5847ea28440d1e6dfb12821ba28797ce9862 6.29MB / 13.95MB 0.8s
#4 sha256:f011da65b9c4ed5695f87cbb300e5847ea28440d1e6dfb12821ba28797ce9862 13.95MB / 13.95MB 0.9s done
#4 sha256:6feb92cce804a150bf5224c8dae3a0d5a395322eb45b387b0b56e8e31e2bc6a5 0B / 1.18MB 0.2s
#4 sha256:3654a1062cd02bfbbbeade6a2fdaef212e16bcac31971dee456c02dcc78d1cc0 0B / 176.13kB 0.2s
#4 sha256:3a70ee7bf27a56f4dab9940cd17f334d4c4e122e05cfc8732bd398a455d26938 0B / 13.32MB 0.2s
#4 sha256:e11f97f5c4f52b5c61f24d1a7649719e53290b36558959aba00065d0792dd43c 0B / 3.97GB 0.2s
#4 sha256:6feb92cce804a150bf5224c8dae3a0d5a395322eb45b387b0b56e8e31e2bc6a5 1.18MB / 1.18MB 0.5s done
#4 sha256:3654a1062cd02bfbbbeade6a2fdaef212e16bcac31971dee456c02dcc78d1cc0 176.13kB / 176.13kB 0.4s done
#4 sha256:8d4bc15cbc9472551ac0d308785819accc14c92f88950868308c6f0fa668a81e 0B / 678.06kB 0.2s
#4 sha256:abc9e20afe14a47c289446d348f6e108eaeadf08e55f3050d88d5e8ada6ad104 0B / 892.71MB 0.2s
#4 sha256:3a70ee7bf27a56f4dab9940cd17f334d4c4e122e05cfc8732bd398a455d26938 2.10MB / 13.32MB 0.6s
#4 sha256:3a70ee7bf27a56f4dab9940cd17f334d4c4e122e05cfc8732bd398a455d26938 13.32MB / 13.32MB 0.8s done
#4 sha256:8d4bc15cbc9472551ac0d308785819accc14c92f88950868308c6f0fa668a81e 678.06kB / 678.06kB 0.5s done
#4 sha256:46009762b0a4534ec51bdbcfde5eb3bd4f5809a39a69225284ec0ca6ce18c3db 0B / 2.25kB 0.2s
#4 sha256:33a228e7b1cd309b6e5e85eeec0d27b3ef88f7fa4f920d382593b1aaeffde5e6 0B / 272.76MB 0.2s
#4 sha256:46009762b0a4534ec51bdbcfde5eb3bd4f5809a39a69225284ec0ca6ce18c3db 2.25kB / 2.25kB 0.3s done
#4 sha256:1c1462de7957fabb2c995dc3c5cfcb434eee44a21af7caf7ba6c632066e347e7 0B / 141.01MB 0.2s
#4 sha256:abc9e20afe14a47c289446d348f6e108eaeadf08e55f3050d88d5e8ada6ad104 53.48MB / 892.71MB 1.4s
#4 sha256:33a228e7b1cd309b6e5e85eeec0d27b3ef88f7fa4f920d382593b1aaeffde5e6 19.92MB / 272.76MB 0.9s
#4 sha256:1c1462de7957fabb2c995dc3c5cfcb434eee44a21af7caf7ba6c632066e347e7 9.44MB / 141.01MB 0.8s
#4 sha256:33a228e7b1cd309b6e5e85eeec0d27b3ef88f7fa4f920d382593b1aaeffde5e6 40.89MB / 272.76MB 1.2s
#4 sha256:1c1462de7957fabb2c995dc3c5cfcb434eee44a21af7caf7ba6c632066e347e7 22.02MB / 141.01MB 0.9s
#4 sha256:1c1462de7957fabb2c995dc3c5cfcb434eee44a21af7caf7ba6c632066e347e7 33.55MB / 141.01MB 1.1s
#4 sha256:33a228e7b1cd309b6e5e85eeec0d27b3ef88f7fa4f920d382593b1aaeffde5e6 63.96MB / 272.76MB 1.5s
#4 sha256:1c1462de7957fabb2c995dc3c5cfcb434eee44a21af7caf7ba6c632066e347e7 42.99MB / 141.01MB 1.2s
#4 sha256:abc9e20afe14a47c289446d348f6e108eaeadf08e55f3050d88d5e8ada6ad104 103.81MB / 892.71MB 2.1s
#4 sha256:1c1462de7957fabb2c995dc3c5cfcb434eee44a21af7caf7ba6c632066e347e7 54.53MB / 141.01MB 1.4s
#4 sha256:33a228e7b1cd309b6e5e85eeec0d27b3ef88f7fa4f920d382593b1aaeffde5e6 85.98MB / 272.76MB 1.8s
#4 sha256:1c1462de7957fabb2c995dc3c5cfcb434eee44a21af7caf7ba6c632066e347e7 62.91MB / 141.01MB 1.5s
#4 sha256:1c1462de7957fabb2c995dc3c5cfcb434eee44a21af7caf7ba6c632066e347e7 70.25MB / 141.01MB 1.7s
#4 sha256:33a228e7b1cd309b6e5e85eeec0d27b3ef88f7fa4f920d382593b1aaeffde5e6 108.00MB / 272.76MB 2.1s
#4 sha256:1c1462de7957fabb2c995dc3c5cfcb434eee44a21af7caf7ba6c632066e347e7 80.74MB / 141.01MB 1.8s
#4 sha256:1c1462de7957fabb2c995dc3c5cfcb434eee44a21af7caf7ba6c632066e347e7 93.32MB / 141.01MB 2.0s
#4 sha256:abc9e20afe14a47c289446d348f6e108eaeadf08e55f3050d88d5e8ada6ad104 157.29MB / 892.71MB 2.9s
#4 sha256:33a228e7b1cd309b6e5e85eeec0d27b3ef88f7fa4f920d382593b1aaeffde5e6 127.93MB / 272.76MB 2.4s
#4 sha256:1c1462de7957fabb2c995dc3c5cfcb434eee44a21af7caf7ba6c632066e347e7 101.71MB / 141.01MB 2.1s
#4 sha256:e11f97f5c4f52b5c61f24d1a7649719e53290b36558959aba00065d0792dd43c 200.28MB / 3.97GB 3.3s
#4 sha256:1c1462de7957fabb2c995dc3c5cfcb434eee44a21af7caf7ba6c632066e347e7 112.20MB / 141.01MB 2.3s
#4 sha256:33a228e7b1cd309b6e5e85eeec0d27b3ef88f7fa4f920d382593b1aaeffde5e6 147.85MB / 272.76MB 2.7s
#4 sha256:1c1462de7957fabb2c995dc3c5cfcb434eee44a21af7caf7ba6c632066e347e7 124.78MB / 141.01MB 2.4s
#4 sha256:1c1462de7957fabb2c995dc3c5cfcb434eee44a21af7caf7ba6c632066e347e7 134.22MB / 141.01MB 2.6s
#4 sha256:33a228e7b1cd309b6e5e85eeec0d27b3ef88f7fa4f920d382593b1aaeffde5e6 166.72MB / 272.76MB 3.0s
#4 sha256:1c1462de7957fabb2c995dc3c5cfcb434eee44a21af7caf7ba6c632066e347e7 141.01MB / 141.01MB 2.8s done
#4 sha256:abc9e20afe14a47c289446d348f6e108eaeadf08e55f3050d88d5e8ada6ad104 207.62MB / 892.71MB 3.6s
#4 sha256:33a228e7b1cd309b6e5e85eeec0d27b3ef88f7fa4f920d382593b1aaeffde5e6 191.89MB / 272.76MB 3.3s
#4 sha256:da6c50f0c8666e1df20d06b71dbc48ffd18cb6a1ad36e5a931204bbcd524c91c 0B / 9.77MB 0.2s
#4 sha256:33a228e7b1cd309b6e5e85eeec0d27b3ef88f7fa4f920d382593b1aaeffde5e6 211.81MB / 272.76MB 3.6s
#4 sha256:da6c50f0c8666e1df20d06b71dbc48ffd18cb6a1ad36e5a931204bbcd524c91c 1.05MB / 9.77MB 0.6s
#4 sha256:33a228e7b1cd309b6e5e85eeec0d27b3ef88f7fa4f920d382593b1aaeffde5e6 233.83MB / 272.76MB 3.9s
#4 sha256:da6c50f0c8666e1df20d06b71dbc48ffd18cb6a1ad36e5a931204bbcd524c91c 9.77MB / 9.77MB 0.8s done
#4 sha256:abc9e20afe14a47c289446d348f6e108eaeadf08e55f3050d88d5e8ada6ad104 257.95MB / 892.71MB 4.4s
#4 sha256:8b4545758204ca3302d63a74eb2a4ded8ce110de4c263e6a1964747d9957f85b 0B / 476.31MB 0.2s
#4 sha256:33a228e7b1cd309b6e5e85eeec0d27b3ef88f7fa4f920d382593b1aaeffde5e6 259.00MB / 272.76MB 4.2s
#4 sha256:33a228e7b1cd309b6e5e85eeec0d27b3ef88f7fa4f920d382593b1aaeffde5e6 272.76MB / 272.76MB 4.5s
#4 sha256:abc9e20afe14a47c289446d348f6e108eaeadf08e55f3050d88d5e8ada6ad104 307.23MB / 892.71MB 5.1s
#4 sha256:8b4545758204ca3302d63a74eb2a4ded8ce110de4c263e6a1964747d9957f85b 25.17MB / 476.31MB 0.9s
#4 sha256:8b4545758204ca3302d63a74eb2a4ded8ce110de4c263e6a1964747d9957f85b 57.67MB / 476.31MB 1.4s
#4 sha256:e11f97f5c4f52b5c61f24d1a7649719e53290b36558959aba00065d0792dd43c 405.80MB / 3.97GB 6.2s
#4 sha256:abc9e20afe14a47c289446d348f6e108eaeadf08e55f3050d88d5e8ada6ad104 360.71MB / 892.71MB 5.9s
#4 sha256:33a228e7b1cd309b6e5e85eeec0d27b3ef88f7fa4f920d382593b1aaeffde5e6 272.76MB / 272.76MB 5.5s done
#4 sha256:8b4545758204ca3302d63a74eb2a4ded8ce110de4c263e6a1964747d9957f85b 89.13MB / 476.31MB 1.8s
#4 sha256:3ac948cfc17765361404ba004020fcbdb0e4e4b26f0ec3ac148789257effdf62 0B / 215.85MB 0.2s
#4 sha256:8b4545758204ca3302d63a74eb2a4ded8ce110de4c263e6a1964747d9957f85b 123.73MB / 476.31MB 2.3s
#4 sha256:abc9e20afe14a47c289446d348f6e108eaeadf08e55f3050d88d5e8ada6ad104 406.85MB / 892.71MB 6.6s
#4 sha256:8b4545758204ca3302d63a74eb2a4ded8ce110de4c263e6a1964747d9957f85b 156.24MB / 476.31MB 2.7s
#4 sha256:3ac948cfc17765361404ba004020fcbdb0e4e4b26f0ec3ac148789257effdf62 19.92MB / 215.85MB 0.9s
#4 sha256:3ac948cfc17765361404ba004020fcbdb0e4e4b26f0ec3ac148789257effdf62 36.70MB / 215.85MB 1.2s
#4 sha256:8b4545758204ca3302d63a74eb2a4ded8ce110de4c263e6a1964747d9957f85b 187.70MB / 476.31MB 3.2s
#4 sha256:3ac948cfc17765361404ba004020fcbdb0e4e4b26f0ec3ac148789257effdf62 49.28MB / 215.85MB 1.4s
#4 sha256:abc9e20afe14a47c289446d348f6e108eaeadf08e55f3050d88d5e8ada6ad104 459.28MB / 892.71MB 7.4s
#4 sha256:3ac948cfc17765361404ba004020fcbdb0e4e4b26f0ec3ac148789257effdf62 65.01MB / 215.85MB 1.7s
#4 sha256:8b4545758204ca3302d63a74eb2a4ded8ce110de4c263e6a1964747d9957f85b 220.20MB / 476.31MB 3.6s
#4 sha256:3ac948cfc17765361404ba004020fcbdb0e4e4b26f0ec3ac148789257effdf62 84.93MB / 215.85MB 2.0s
#4 sha256:3ac948cfc17765361404ba004020fcbdb0e4e4b26f0ec3ac148789257effdf62 97.52MB / 215.85MB 2.1s
#4 sha256:abc9e20afe14a47c289446d348f6e108eaeadf08e55f3050d88d5e8ada6ad104 506.46MB / 892.71MB 8.1s
#4 sha256:8b4545758204ca3302d63a74eb2a4ded8ce110de4c263e6a1964747d9957f85b 252.71MB / 476.31MB 4.1s
#4 sha256:3ac948cfc17765361404ba004020fcbdb0e4e4b26f0ec3ac148789257effdf62 116.39MB / 215.85MB 2.4s
#4 sha256:8b4545758204ca3302d63a74eb2a4ded8ce110de4c263e6a1964747d9957f85b 284.16MB / 476.31MB 4.5s
#4 sha256:3ac948cfc17765361404ba004020fcbdb0e4e4b26f0ec3ac148789257effdf62 134.22MB / 215.85MB 2.7s
#4 sha256:e11f97f5c4f52b5c61f24d1a7649719e53290b36558959aba00065d0792dd43c 615.51MB / 3.97GB 9.2s
#4 sha256:abc9e20afe14a47c289446d348f6e108eaeadf08e55f3050d88d5e8ada6ad104 551.55MB / 892.71MB 8.7s
#4 sha256:3ac948cfc17765361404ba004020fcbdb0e4e4b26f0ec3ac148789257effdf62 154.14MB / 215.85MB 3.0s
#4 sha256:8b4545758204ca3302d63a74eb2a4ded8ce110de4c263e6a1964747d9957f85b 313.52MB / 476.31MB 5.0s
#4 sha256:3ac948cfc17765361404ba004020fcbdb0e4e4b26f0ec3ac148789257effdf62 170.92MB / 215.85MB 3.3s
#4 sha256:3ac948cfc17765361404ba004020fcbdb0e4e4b26f0ec3ac148789257effdf62 182.45MB / 215.85MB 3.5s
#4 sha256:abc9e20afe14a47c289446d348f6e108eaeadf08e55f3050d88d5e8ada6ad104 603.98MB / 892.71MB 9.5s
#4 sha256:8b4545758204ca3302d63a74eb2a4ded8ce110de4c263e6a1964747d9957f85b 344.98MB / 476.31MB 5.4s
#4 sha256:3ac948cfc17765361404ba004020fcbdb0e4e4b26f0ec3ac148789257effdf62 201.33MB / 215.85MB 3.8s
#4 sha256:3ac948cfc17765361404ba004020fcbdb0e4e4b26f0ec3ac148789257effdf62 212.86MB / 215.85MB 3.9s
#4 sha256:8b4545758204ca3302d63a74eb2a4ded8ce110de4c263e6a1964747d9957f85b 376.44MB / 476.31MB 5.9s
#4 sha256:8b4545758204ca3302d63a74eb2a4ded8ce110de4c263e6a1964747d9957f85b 400.56MB / 476.31MB 6.2s
#4 sha256:abc9e20afe14a47c289446d348f6e108eaeadf08e55f3050d88d5e8ada6ad104 657.46MB / 892.71MB 10.4s
#4 sha256:3ac948cfc17765361404ba004020fcbdb0e4e4b26f0ec3ac148789257effdf62 215.85MB / 215.85MB 4.6s done
#4 sha256:780507ee27416f19c41bd563c4433bb773a282010c41fc8eb0eb83c18b913d6e 0B / 270B 0.2s
#4 sha256:8b4545758204ca3302d63a74eb2a4ded8ce110de4c263e6a1964747d9957f85b 432.01MB / 476.31MB 6.6s
#4 sha256:780507ee27416f19c41bd563c4433bb773a282010c41fc8eb0eb83c18b913d6e 270B / 270B 0.3s done
#4 sha256:d30fb0073c35eec09a9556a8392eab5e77031930de75e7de21b48f867cc9603c 0B / 1.63MB 0.2s
#4 sha256:abc9e20afe14a47c289446d348f6e108eaeadf08e55f3050d88d5e8ada6ad104 707.79MB / 892.71MB 11.3s
#4 sha256:8b4545758204ca3302d63a74eb2a4ded8ce110de4c263e6a1964747d9957f85b 460.32MB / 476.31MB 7.1s
#4 sha256:d30fb0073c35eec09a9556a8392eab5e77031930de75e7de21b48f867cc9603c 1.63MB / 1.63MB 0.6s done
#4 sha256:e11f97f5c4f52b5c61f24d1a7649719e53290b36558959aba00065d0792dd43c 817.89MB / 3.97GB 12.0s
#4 sha256:aa5adc8d375dd897461c6984d6dbbddd96db233257e5ed582c79db36f0e37b4c 0B / 126.52kB 0.2s
#4 sha256:aa5adc8d375dd897461c6984d6dbbddd96db233257e5ed582c79db36f0e37b4c 126.52kB / 126.52kB 0.5s
#4 sha256:abc9e20afe14a47c289446d348f6e108eaeadf08e55f3050d88d5e8ada6ad104 759.17MB / 892.71MB 12.0s
#4 sha256:aa5adc8d375dd897461c6984d6dbbddd96db233257e5ed582c79db36f0e37b4c 126.52kB / 126.52kB 0.5s done
#4 sha256:2bb017fd60d62929948c0824de2ffd183920d2a249fcd5f15f4f1c637450a3ed 0B / 27.10kB 0.2s
#4 sha256:2bb017fd60d62929948c0824de2ffd183920d2a249fcd5f15f4f1c637450a3ed 27.10kB / 27.10kB 0.4s done
#4 sha256:abc9e20afe14a47c289446d348f6e108eaeadf08e55f3050d88d5e8ada6ad104 808.45MB / 892.71MB 12.8s
#4 sha256:581b2bda275e0301785b7d6a11d86f73c82fd45ef8afde6bc9b738292dd39a97 0B / 3.25GB 0.2s
#4 sha256:abc9e20afe14a47c289446d348f6e108eaeadf08e55f3050d88d5e8ada6ad104 854.59MB / 892.71MB 13.7s
#4 sha256:8b4545758204ca3302d63a74eb2a4ded8ce110de4c263e6a1964747d9957f85b 476.31MB / 476.31MB 9.9s done
#4 sha256:85fda4431f8eaeea35a27143eec2818047c48d5282775d7e0b4c00fca065bb6b 0B / 121B 0.2s
#4 sha256:e11f97f5c4f52b5c61f24d1a7649719e53290b36558959aba00065d0792dd43c 1.02GB / 3.97GB 14.9s
#4 sha256:85fda4431f8eaeea35a27143eec2818047c48d5282775d7e0b4c00fca065bb6b 121B / 121B 0.3s
#4 sha256:85fda4431f8eaeea35a27143eec2818047c48d5282775d7e0b4c00fca065bb6b 121B / 121B 0.4s done
#4 sha256:7f7acf8372c85d627c64725699b9c1c4fa77edb2e2f094a55f6439449587fdaa 0B / 62.75MB 0.2s
#4 sha256:7f7acf8372c85d627c64725699b9c1c4fa77edb2e2f094a55f6439449587fdaa 9.44MB / 62.75MB 0.8s
#4 sha256:7f7acf8372c85d627c64725699b9c1c4fa77edb2e2f094a55f6439449587fdaa 22.02MB / 62.75MB 0.9s
#4 sha256:7f7acf8372c85d627c64725699b9c1c4fa77edb2e2f094a55f6439449587fdaa 32.51MB / 62.75MB 1.1s
#4 sha256:7f7acf8372c85d627c64725699b9c1c4fa77edb2e2f094a55f6439449587fdaa 40.89MB / 62.75MB 1.2s
#4 sha256:7f7acf8372c85d627c64725699b9c1c4fa77edb2e2f094a55f6439449587fdaa 52.43MB / 62.75MB 1.4s
#4 sha256:581b2bda275e0301785b7d6a11d86f73c82fd45ef8afde6bc9b738292dd39a97 163.58MB / 3.25GB 3.5s
#4 sha256:7f7acf8372c85d627c64725699b9c1c4fa77edb2e2f094a55f6439449587fdaa 62.75MB / 62.75MB 1.5s
#4 sha256:e11f97f5c4f52b5c61f24d1a7649719e53290b36558959aba00065d0792dd43c 1.23GB / 3.97GB 17.7s
#4 sha256:7f7acf8372c85d627c64725699b9c1c4fa77edb2e2f094a55f6439449587fdaa 62.75MB / 62.75MB 2.6s done
#4 sha256:6a462c43b11cc67c2e867898c4d61e2695273f5a9cb28f0186dbb663ba438673 0B / 6.64GB 0.2s
#4 sha256:581b2bda275e0301785b7d6a11d86f73c82fd45ef8afde6bc9b738292dd39a97 331.35MB / 3.25GB 5.9s
#4 sha256:abc9e20afe14a47c289446d348f6e108eaeadf08e55f3050d88d5e8ada6ad104 892.71MB / 892.71MB 18.8s
#4 sha256:e11f97f5c4f52b5c61f24d1a7649719e53290b36558959aba00065d0792dd43c 1.43GB / 3.97GB 20.6s
#4 sha256:581b2bda275e0301785b7d6a11d86f73c82fd45ef8afde6bc9b738292dd39a97 501.22MB / 3.25GB 8.4s
#4 sha256:f542527469145a2ddf8230611622d890b28116e62b0032976508486e1a21f96c 0B / 2.11kB 0.2s
#4 sha256:f542527469145a2ddf8230611622d890b28116e62b0032976508486e1a21f96c 2.11kB / 2.11kB 0.3s done
#4 sha256:337a25e2a32327148578674a56446d7b71fdf9eb9da5b5b73d199c9cb8af40b6 0B / 126.26MB 0.2s
#4 sha256:337a25e2a32327148578674a56446d7b71fdf9eb9da5b5b73d199c9cb8af40b6 13.63MB / 126.26MB 0.8s
#4 sha256:6a462c43b11cc67c2e867898c4d61e2695273f5a9cb28f0186dbb663ba438673 335.54MB / 6.64GB 5.3s
#4 sha256:337a25e2a32327148578674a56446d7b71fdf9eb9da5b5b73d199c9cb8af40b6 24.12MB / 126.26MB 0.9s
#4 sha256:337a25e2a32327148578674a56446d7b71fdf9eb9da5b5b73d199c9cb8af40b6 32.51MB / 126.26MB 1.1s
#4 sha256:e11f97f5c4f52b5c61f24d1a7649719e53290b36558959aba00065d0792dd43c 1.63GB / 3.97GB 23.4s
#4 sha256:337a25e2a32327148578674a56446d7b71fdf9eb9da5b5b73d199c9cb8af40b6 42.99MB / 126.26MB 1.2s
#4 sha256:337a25e2a32327148578674a56446d7b71fdf9eb9da5b5b73d199c9cb8af40b6 54.53MB / 126.26MB 1.4s
#4 sha256:337a25e2a32327148578674a56446d7b71fdf9eb9da5b5b73d199c9cb8af40b6 65.01MB / 126.26MB 1.5s
#4 sha256:337a25e2a32327148578674a56446d7b71fdf9eb9da5b5b73d199c9cb8af40b6 79.69MB / 126.26MB 1.8s
#4 sha256:581b2bda275e0301785b7d6a11d86f73c82fd45ef8afde6bc9b738292dd39a97 671.09MB / 3.25GB 11.1s
#4 sha256:337a25e2a32327148578674a56446d7b71fdf9eb9da5b5b73d199c9cb8af40b6 91.23MB / 126.26MB 2.0s
#4 sha256:337a25e2a32327148578674a56446d7b71fdf9eb9da5b5b73d199c9cb8af40b6 99.61MB / 126.26MB 2.1s
#4 sha256:337a25e2a32327148578674a56446d7b71fdf9eb9da5b5b73d199c9cb8af40b6 108.00MB / 126.26MB 2.3s
#4 sha256:337a25e2a32327148578674a56446d7b71fdf9eb9da5b5b73d199c9cb8af40b6 119.54MB / 126.26MB 2.4s
#4 sha256:337a25e2a32327148578674a56446d7b71fdf9eb9da5b5b73d199c9cb8af40b6 126.26MB / 126.26MB 2.6s done
#4 sha256:65d92c2c5b83a63b208600c0f2f9865c94a8601aaadec3d6c114ca228ed0e24b 0B / 355.04kB 0.2s
#4 sha256:65d92c2c5b83a63b208600c0f2f9865c94a8601aaadec3d6c114ca228ed0e24b 355.04kB / 355.04kB 0.4s done
#4 sha256:832ef971be3933c1b7b103599f4179de9f8b05531c7d57e5025666000041e1e8 0B / 167.80MB 0.2s
#4 sha256:832ef971be3933c1b7b103599f4179de9f8b05531c7d57e5025666000041e1e8 9.44MB / 167.80MB 0.8s
#4 sha256:e11f97f5c4f52b5c61f24d1a7649719e53290b36558959aba00065d0792dd43c 1.84GB / 3.97GB 26.1s
#4 sha256:832ef971be3933c1b7b103599f4179de9f8b05531c7d57e5025666000041e1e8 22.02MB / 167.80MB 0.9s
#4 sha256:832ef971be3933c1b7b103599f4179de9f8b05531c7d57e5025666000041e1e8 32.51MB / 167.80MB 1.1s
#4 sha256:832ef971be3933c1b7b103599f4179de9f8b05531c7d57e5025666000041e1e8 52.43MB / 167.80MB 1.4s
#4 sha256:581b2bda275e0301785b7d6a11d86f73c82fd45ef8afde6bc9b738292dd39a97 838.86MB / 3.25GB 13.7s
#4 sha256:832ef971be3933c1b7b103599f4179de9f8b05531c7d57e5025666000041e1e8 63.96MB / 167.80MB 1.5s
#4 sha256:832ef971be3933c1b7b103599f4179de9f8b05531c7d57e5025666000041e1e8 74.45MB / 167.80MB 1.7s
#4 sha256:832ef971be3933c1b7b103599f4179de9f8b05531c7d57e5025666000041e1e8 86.93MB / 167.80MB 1.8s
#4 sha256:832ef971be3933c1b7b103599f4179de9f8b05531c7d57e5025666000041e1e8 98.57MB / 167.80MB 2.0s
#4 sha256:832ef971be3933c1b7b103599f4179de9f8b05531c7d57e5025666000041e1e8 116.39MB / 167.80MB 2.3s
#4 sha256:832ef971be3933c1b7b103599f4179de9f8b05531c7d57e5025666000041e1e8 127.93MB / 167.80MB 2.4s
#4 sha256:6a462c43b11cc67c2e867898c4d61e2695273f5a9cb28f0186dbb663ba438673 671.09MB / 6.64GB 9.9s
#4 sha256:832ef971be3933c1b7b103599f4179de9f8b05531c7d57e5025666000041e1e8 145.75MB / 167.80MB 2.7s
#4 sha256:832ef971be3933c1b7b103599f4179de9f8b05531c7d57e5025666000041e1e8 158.33MB / 167.80MB 2.9s
#4 sha256:832ef971be3933c1b7b103599f4179de9f8b05531c7d57e5025666000041e1e8 167.80MB / 167.80MB 3.0s
#4 sha256:832ef971be3933c1b7b103599f4179de9f8b05531c7d57e5025666000041e1e8 167.80MB / 167.80MB 3.3s done
#4 sha256:4861b7e55b611168696589bdd0d19d000aca75b2a6bbfd0f30b2b211c947b58c 501B / 501B 0.1s done
#4 sha256:31eadbc970be0e1f1e020d912d2c51f02fd7389d2dfbd6938ba1c327298ba7ee 21.13kB / 21.13kB 0.1s done
#4 sha256:6756067270f980944529281b21addf08df17014e376e3e9440802af2ce2af491 27.26MB / 491.15MB 0.2s
#4 sha256:e11f97f5c4f52b5c61f24d1a7649719e53290b36558959aba00065d0792dd43c 2.04GB / 3.97GB 29.0s
#4 sha256:6756067270f980944529281b21addf08df17014e376e3e9440802af2ce2af491 85.98MB / 491.15MB 0.3s
#4 sha256:6756067270f980944529281b21addf08df17014e376e3e9440802af2ce2af491 146.80MB / 491.15MB 0.5s
#4 sha256:581b2bda275e0301785b7d6a11d86f73c82fd45ef8afde6bc9b738292dd39a97 1.01GB / 3.25GB 16.2s
#4 sha256:6756067270f980944529281b21addf08df17014e376e3e9440802af2ce2af491 205.52MB / 491.15MB 0.6s
#4 sha256:6756067270f980944529281b21addf08df17014e376e3e9440802af2ce2af491 259.00MB / 491.15MB 0.8s
#4 sha256:6756067270f980944529281b21addf08df17014e376e3e9440802af2ce2af491 316.67MB / 491.15MB 0.9s
#4 sha256:6756067270f980944529281b21addf08df17014e376e3e9440802af2ce2af491 367.00MB / 491.15MB 1.1s
#4 sha256:6756067270f980944529281b21addf08df17014e376e3e9440802af2ce2af491 429.76MB / 491.15MB 1.2s
#4 sha256:6756067270f980944529281b21addf08df17014e376e3e9440802af2ce2af491 491.15MB / 491.15MB 1.4s
#4 sha256:e11f97f5c4f52b5c61f24d1a7649719e53290b36558959aba00065d0792dd43c 2.24GB / 3.97GB 31.8s
#4 sha256:581b2bda275e0301785b7d6a11d86f73c82fd45ef8afde6bc9b738292dd39a97 1.18GB / 3.25GB 19.2s
#4 sha256:6a462c43b11cc67c2e867898c4d61e2695273f5a9cb28f0186dbb663ba438673 1.01GB / 6.64GB 14.6s
#4 sha256:6756067270f980944529281b21addf08df17014e376e3e9440802af2ce2af491 491.15MB / 491.15MB 4.6s done
#4 sha256:0d1065c0581718e93604d1630f432d797794975efd5eeeb2f266b098b32ae1ea 0B / 15.38MB 0.2s
#4 sha256:0d1065c0581718e93604d1630f432d797794975efd5eeeb2f266b098b32ae1ea 7.34MB / 15.38MB 0.3s
#4 sha256:0d1065c0581718e93604d1630f432d797794975efd5eeeb2f266b098b32ae1ea 15.38MB / 15.38MB 0.5s
#4 sha256:0d1065c0581718e93604d1630f432d797794975efd5eeeb2f266b098b32ae1ea 15.38MB / 15.38MB 0.6s done
#4 sha256:e5bdc549d1977cd22f05e6e1c58b11bcfa7463cef70c39cfd2e912b2bd6485b9 28.31MB / 167.11MB 0.2s
#4 sha256:e5bdc549d1977cd22f05e6e1c58b11bcfa7463cef70c39cfd2e912b2bd6485b9 73.40MB / 167.11MB 0.3s
#4 sha256:e5bdc549d1977cd22f05e6e1c58b11bcfa7463cef70c39cfd2e912b2bd6485b9 134.22MB / 167.11MB 0.5s
#4 sha256:e5bdc549d1977cd22f05e6e1c58b11bcfa7463cef70c39cfd2e912b2bd6485b9 167.11MB / 167.11MB 0.6s
#4 sha256:e11f97f5c4f52b5c61f24d1a7649719e53290b36558959aba00065d0792dd43c 2.44GB / 3.97GB 34.7s
#4 sha256:581b2bda275e0301785b7d6a11d86f73c82fd45ef8afde6bc9b738292dd39a97 1.34GB / 3.25GB 21.6s
#4 sha256:e5bdc549d1977cd22f05e6e1c58b11bcfa7463cef70c39cfd2e912b2bd6485b9 167.11MB / 167.11MB 2.7s done
#4 sha256:1a986d21c391ec36972c2ec57993cdb63dfcf9891e419382e0a40ff1968976c6 9.44MB / 61.53MB 0.2s
#4 sha256:6a462c43b11cc67c2e867898c4d61e2695273f5a9cb28f0186dbb663ba438673 1.34GB / 6.64GB 19.2s
#4 sha256:1a986d21c391ec36972c2ec57993cdb63dfcf9891e419382e0a40ff1968976c6 58.72MB / 61.53MB 0.3s
#4 sha256:581b2bda275e0301785b7d6a11d86f73c82fd45ef8afde6bc9b738292dd39a97 1.51GB / 3.25GB 24.2s
#4 sha256:e11f97f5c4f52b5c61f24d1a7649719e53290b36558959aba00065d0792dd43c 2.65GB / 3.97GB 37.5s
#4 sha256:1a986d21c391ec36972c2ec57993cdb63dfcf9891e419382e0a40ff1968976c6 61.53MB / 61.53MB 1.2s done
#4 sha256:d4a83ccfa190f92a5c4d0f264dea2d10ca393118b0fe056f0daad7a49cda8197 11.53MB / 23.12MB 0.2s
#4 sha256:d4a83ccfa190f92a5c4d0f264dea2d10ca393118b0fe056f0daad7a49cda8197 23.12MB / 23.12MB 0.3s
#4 sha256:d4a83ccfa190f92a5c4d0f264dea2d10ca393118b0fe056f0daad7a49cda8197 23.12MB / 23.12MB 0.6s done
#4 sha256:08240b4c9251091153a97b2054c7db3b893ccdd5d2843b1ad895513ed0d74f21 1.79MB / 1.79MB 0.2s
#4 sha256:08240b4c9251091153a97b2054c7db3b893ccdd5d2843b1ad895513ed0d74f21 1.79MB / 1.79MB 0.2s done
#4 sha256:c31d051b387dfc4bff87b7e152be665eab0494cb9caf161da725b6bfa2a12a68 6.23MB / 30.13MB 0.2s
#4 sha256:c31d051b387dfc4bff87b7e152be665eab0494cb9caf161da725b6bfa2a12a68 27.26MB / 30.13MB 0.3s
#4 sha256:c31d051b387dfc4bff87b7e152be665eab0494cb9caf161da725b6bfa2a12a68 30.13MB / 30.13MB 0.5s
#4 sha256:581b2bda275e0301785b7d6a11d86f73c82fd45ef8afde6bc9b738292dd39a97 1.67GB / 3.25GB 26.7s
#4 sha256:c31d051b387dfc4bff87b7e152be665eab0494cb9caf161da725b6bfa2a12a68 30.13MB / 30.13MB 0.8s done
#4 sha256:e11f97f5c4f52b5c61f24d1a7649719e53290b36558959aba00065d0792dd43c 2.85GB / 3.97GB 40.2s
#4 sha256:a3b7808cfc0a59e1ffe846f47fad05160bc808a1b30b50f7d21d22213a9b275a 10.49MB / 30.27MB 0.2s
#4 sha256:a3b7808cfc0a59e1ffe846f47fad05160bc808a1b30b50f7d21d22213a9b275a 30.27MB / 30.27MB 0.3s
#4 sha256:a3b7808cfc0a59e1ffe846f47fad05160bc808a1b30b50f7d21d22213a9b275a 30.27MB / 30.27MB 0.7s done
#4 sha256:2eef2a8a00b2a8418c05971b721afc96cafb3d5f58c20fc270d43088619cc9e9 1.11kB / 1.11kB 0.2s
#4 sha256:2eef2a8a00b2a8418c05971b721afc96cafb3d5f58c20fc270d43088619cc9e9 1.11kB / 1.11kB 0.2s done
#4 sha256:64306439cf6411bda2672013d3bdc563e1295dca759ff1e257ead37e6bf26ad9 1.12kB / 1.12kB 0.1s done
#4 sha256:40286aef40fb4bcbff635535fda201bcd65d43b5c545ad09cf159faef1723e75 9.44MB / 2.38GB 0.2s
#4 sha256:6a462c43b11cc67c2e867898c4d61e2695273f5a9cb28f0186dbb663ba438673 1.68GB / 6.64GB 23.9s
#4 sha256:40286aef40fb4bcbff635535fda201bcd65d43b5c545ad09cf159faef1723e75 155.19MB / 2.38GB 0.6s
#4 sha256:581b2bda275e0301785b7d6a11d86f73c82fd45ef8afde6bc9b738292dd39a97 1.84GB / 3.25GB 29.1s
#4 sha256:40286aef40fb4bcbff635535fda201bcd65d43b5c545ad09cf159faef1723e75 297.80MB / 2.38GB 1.1s
#4 sha256:40286aef40fb4bcbff635535fda201bcd65d43b5c545ad09cf159faef1723e75 473.60MB / 2.38GB 1.5s
#4 sha256:e11f97f5c4f52b5c61f24d1a7649719e53290b36558959aba00065d0792dd43c 3.06GB / 3.97GB 43.1s
#4 sha256:40286aef40fb4bcbff635535fda201bcd65d43b5c545ad09cf159faef1723e75 617.61MB / 2.38GB 2.0s
#4 sha256:40286aef40fb4bcbff635535fda201bcd65d43b5c545ad09cf159faef1723e75 739.25MB / 2.38GB 2.3s
#4 sha256:40286aef40fb4bcbff635535fda201bcd65d43b5c545ad09cf159faef1723e75 908.07MB / 2.38GB 2.7s
#4 sha256:40286aef40fb4bcbff635535fda201bcd65d43b5c545ad09cf159faef1723e75 1.08GB / 2.38GB 3.2s
#4 sha256:581b2bda275e0301785b7d6a11d86f73c82fd45ef8afde6bc9b738292dd39a97 2.00GB / 3.25GB 31.5s
#4 sha256:40286aef40fb4bcbff635535fda201bcd65d43b5c545ad09cf159faef1723e75 1.21GB / 2.38GB 3.5s
#4 sha256:40286aef40fb4bcbff635535fda201bcd65d43b5c545ad09cf159faef1723e75 1.37GB / 2.38GB 3.9s
#4 sha256:40286aef40fb4bcbff635535fda201bcd65d43b5c545ad09cf159faef1723e75 1.49GB / 2.38GB 4.2s
#4 sha256:40286aef40fb4bcbff635535fda201bcd65d43b5c545ad09cf159faef1723e75 1.62GB / 2.38GB 4.5s
#4 sha256:e11f97f5c4f52b5c61f24d1a7649719e53290b36558959aba00065d0792dd43c 3.26GB / 3.97GB 45.9s
#4 sha256:40286aef40fb4bcbff635535fda201bcd65d43b5c545ad09cf159faef1723e75 1.78GB / 2.38GB 5.0s
#4 sha256:6a462c43b11cc67c2e867898c4d61e2695273f5a9cb28f0186dbb663ba438673 2.02GB / 6.64GB 28.7s
#4 sha256:40286aef40fb4bcbff635535fda201bcd65d43b5c545ad09cf159faef1723e75 1.91GB / 2.38GB 5.3s
#4 sha256:40286aef40fb4bcbff635535fda201bcd65d43b5c545ad09cf159faef1723e75 2.03GB / 2.38GB 5.6s
#4 sha256:581b2bda275e0301785b7d6a11d86f73c82fd45ef8afde6bc9b738292dd39a97 2.17GB / 3.25GB 34.1s
#4 sha256:40286aef40fb4bcbff635535fda201bcd65d43b5c545ad09cf159faef1723e75 2.15GB / 2.38GB 5.9s
#4 sha256:40286aef40fb4bcbff635535fda201bcd65d43b5c545ad09cf159faef1723e75 2.31GB / 2.38GB 6.3s
#4 sha256:e11f97f5c4f52b5c61f24d1a7649719e53290b36558959aba00065d0792dd43c 3.47GB / 3.97GB 48.9s
#4 sha256:581b2bda275e0301785b7d6a11d86f73c82fd45ef8afde6bc9b738292dd39a97 2.34GB / 3.25GB 36.5s
#4 sha256:6a462c43b11cc67c2e867898c4d61e2695273f5a9cb28f0186dbb663ba438673 2.34GB / 6.64GB 33.8s
#4 sha256:581b2bda275e0301785b7d6a11d86f73c82fd45ef8afde6bc9b738292dd39a97 2.50GB / 3.25GB 39.0s
#4 sha256:e11f97f5c4f52b5c61f24d1a7649719e53290b36558959aba00065d0792dd43c 3.67GB / 3.97GB 52.1s
#4 sha256:40286aef40fb4bcbff635535fda201bcd65d43b5c545ad09cf159faef1723e75 2.38GB / 2.38GB 11.4s
#4 sha256:581b2bda275e0301785b7d6a11d86f73c82fd45ef8afde6bc9b738292dd39a97 2.67GB / 3.25GB 41.6s
#4 sha256:e11f97f5c4f52b5c61f24d1a7649719e53290b36558959aba00065d0792dd43c 3.88GB / 3.97GB 55.4s
#4 sha256:6a462c43b11cc67c2e867898c4d61e2695273f5a9cb28f0186dbb663ba438673 2.67GB / 6.64GB 38.7s
#4 sha256:40286aef40fb4bcbff635535fda201bcd65d43b5c545ad09cf159faef1723e75 2.38GB / 2.38GB 16.5s
#4 sha256:581b2bda275e0301785b7d6a11d86f73c82fd45ef8afde6bc9b738292dd39a97 2.84GB / 3.25GB 45.0s
#4 sha256:e11f97f5c4f52b5c61f24d1a7649719e53290b36558959aba00065d0792dd43c 3.97GB / 3.97GB 60.5s
#4 sha256:581b2bda275e0301785b7d6a11d86f73c82fd45ef8afde6bc9b738292dd39a97 3.01GB / 3.25GB 47.6s
#4 sha256:6a462c43b11cc67c2e867898c4d61e2695273f5a9cb28f0186dbb663ba438673 3.01GB / 6.64GB 43.8s
#4 sha256:40286aef40fb4bcbff635535fda201bcd65d43b5c545ad09cf159faef1723e75 2.38GB / 2.38GB 21.6s
#4 sha256:581b2bda275e0301785b7d6a11d86f73c82fd45ef8afde6bc9b738292dd39a97 3.18GB / 3.25GB 50.3s
#4 sha256:e11f97f5c4f52b5c61f24d1a7649719e53290b36558959aba00065d0792dd43c 3.97GB / 3.97GB 65.6s
#4 sha256:6a462c43b11cc67c2e867898c4d61e2695273f5a9cb28f0186dbb663ba438673 3.34GB / 6.64GB 48.6s
#4 sha256:40286aef40fb4bcbff635535fda201bcd65d43b5c545ad09cf159faef1723e75 2.38GB / 2.38GB 26.7s
#4 sha256:581b2bda275e0301785b7d6a11d86f73c82fd45ef8afde6bc9b738292dd39a97 3.25GB / 3.25GB 55.4s
#4 sha256:e11f97f5c4f52b5c61f24d1a7649719e53290b36558959aba00065d0792dd43c 3.97GB / 3.97GB 70.7s
#4 sha256:6a462c43b11cc67c2e867898c4d61e2695273f5a9cb28f0186dbb663ba438673 3.68GB / 6.64GB 53.3s
#4 sha256:40286aef40fb4bcbff635535fda201bcd65d43b5c545ad09cf159faef1723e75 2.38GB / 2.38GB 31.8s
#4 sha256:581b2bda275e0301785b7d6a11d86f73c82fd45ef8afde6bc9b738292dd39a97 3.25GB / 3.25GB 60.5s
#4 sha256:e11f97f5c4f52b5c61f24d1a7649719e53290b36558959aba00065d0792dd43c 3.97GB / 3.97GB 75.8s
#4 sha256:6a462c43b11cc67c2e867898c4d61e2695273f5a9cb28f0186dbb663ba438673 4.01GB / 6.64GB 58.1s
#4 sha256:40286aef40fb4bcbff635535fda201bcd65d43b5c545ad09cf159faef1723e75 2.38GB / 2.38GB 36.9s
#4 sha256:581b2bda275e0301785b7d6a11d86f73c82fd45ef8afde6bc9b738292dd39a97 3.25GB / 3.25GB 65.6s
#4 sha256:6a462c43b11cc67c2e867898c4d61e2695273f5a9cb28f0186dbb663ba438673 4.35GB / 6.64GB 62.9s
#4 sha256:e11f97f5c4f52b5c61f24d1a7649719e53290b36558959aba00065d0792dd43c 3.97GB / 3.97GB 80.9s
#4 sha256:40286aef40fb4bcbff635535fda201bcd65d43b5c545ad09cf159faef1723e75 2.38GB / 2.38GB 42.0s
#4 sha256:581b2bda275e0301785b7d6a11d86f73c82fd45ef8afde6bc9b738292dd39a97 3.25GB / 3.25GB 70.7s
#4 sha256:6a462c43b11cc67c2e867898c4d61e2695273f5a9cb28f0186dbb663ba438673 4.69GB / 6.64GB 67.5s
#4 sha256:e11f97f5c4f52b5c61f24d1a7649719e53290b36558959aba00065d0792dd43c 3.97GB / 3.97GB 86.0s
#4 sha256:40286aef40fb4bcbff635535fda201bcd65d43b5c545ad09cf159faef1723e75 2.38GB / 2.38GB 47.1s
#4 sha256:581b2bda275e0301785b7d6a11d86f73c82fd45ef8afde6bc9b738292dd39a97 3.25GB / 3.25GB 75.8s
#4 sha256:6a462c43b11cc67c2e867898c4d61e2695273f5a9cb28f0186dbb663ba438673 5.02GB / 6.64GB 72.2s
#4 sha256:e11f97f5c4f52b5c61f24d1a7649719e53290b36558959aba00065d0792dd43c 3.97GB / 3.97GB 91.1s
#4 sha256:40286aef40fb4bcbff635535fda201bcd65d43b5c545ad09cf159faef1723e75 2.38GB / 2.38GB 52.2s
#4 sha256:581b2bda275e0301785b7d6a11d86f73c82fd45ef8afde6bc9b738292dd39a97 3.25GB / 3.25GB 80.9s
#4 sha256:6a462c43b11cc67c2e867898c4d61e2695273f5a9cb28f0186dbb663ba438673 5.37GB / 6.64GB 77.0s
#4 sha256:e11f97f5c4f52b5c61f24d1a7649719e53290b36558959aba00065d0792dd43c 3.97GB / 3.97GB 96.2s
#4 sha256:40286aef40fb4bcbff635535fda201bcd65d43b5c545ad09cf159faef1723e75 2.38GB / 2.38GB 56.8s done
#4 sha256:260f6c1997d43141658dece585a56406fb750340aa9d23b7438af319292b6380 0B / 73.68kB 0.2s
#4 sha256:260f6c1997d43141658dece585a56406fb750340aa9d23b7438af319292b6380 73.68kB / 73.68kB 0.3s done
#4 sha256:57e15861492ad24080576530500e02812796df74d2b74ee2d22a35f5f0b407ba 9.44MB / 59.87MB 0.2s
#4 sha256:57e15861492ad24080576530500e02812796df74d2b74ee2d22a35f5f0b407ba 26.21MB / 59.87MB 0.3s
#4 sha256:581b2bda275e0301785b7d6a11d86f73c82fd45ef8afde6bc9b738292dd39a97 3.25GB / 3.25GB 86.0s
#4 sha256:57e15861492ad24080576530500e02812796df74d2b74ee2d22a35f5f0b407ba 59.87MB / 59.87MB 0.5s
#4 sha256:6a462c43b11cc67c2e867898c4d61e2695273f5a9cb28f0186dbb663ba438673 5.70GB / 6.64GB 81.6s
#4 sha256:57e15861492ad24080576530500e02812796df74d2b74ee2d22a35f5f0b407ba 59.87MB / 59.87MB 2.3s done
#4 sha256:e11f97f5c4f52b5c61f24d1a7649719e53290b36558959aba00065d0792dd43c 3.97GB / 3.97GB 101.3s
#4 sha256:68e7abeffa5b57a21ef8aa595169878b405da61dcaa875cf4f944b74eb46212b 1.12kB / 1.12kB 0.2s done
#4 sha256:c8117f42fa239be4ec67860d3ce8c530470aa5cc498c0e62035a8bad8c2ff01b 23.05MB / 23.05MB 0.2s
#4 sha256:c8117f42fa239be4ec67860d3ce8c530470aa5cc498c0e62035a8bad8c2ff01b 23.05MB / 23.05MB 0.9s done
#4 sha256:e1713986b8df2c6f8bd0649c96762e78280377c0ee3c93dd791770492f4c9e89 10.49MB / 423.90MB 0.2s
#4 sha256:e1713986b8df2c6f8bd0649c96762e78280377c0ee3c93dd791770492f4c9e89 36.70MB / 423.90MB 0.3s
#4 sha256:e1713986b8df2c6f8bd0649c96762e78280377c0ee3c93dd791770492f4c9e89 90.18MB / 423.90MB 0.5s
#4 sha256:e1713986b8df2c6f8bd0649c96762e78280377c0ee3c93dd791770492f4c9e89 156.01MB / 423.90MB 0.6s
#4 sha256:e1713986b8df2c6f8bd0649c96762e78280377c0ee3c93dd791770492f4c9e89 223.35MB / 423.90MB 0.8s
#4 sha256:e1713986b8df2c6f8bd0649c96762e78280377c0ee3c93dd791770492f4c9e89 291.50MB / 423.90MB 0.9s
#4 sha256:e1713986b8df2c6f8bd0649c96762e78280377c0ee3c93dd791770492f4c9e89 357.39MB / 423.90MB 1.1s
#4 sha256:e1713986b8df2c6f8bd0649c96762e78280377c0ee3c93dd791770492f4c9e89 423.90MB / 423.90MB 1.2s
#4 sha256:6a462c43b11cc67c2e867898c4d61e2695273f5a9cb28f0186dbb663ba438673 6.04GB / 6.64GB 86.3s
#4 sha256:581b2bda275e0301785b7d6a11d86f73c82fd45ef8afde6bc9b738292dd39a97 3.25GB / 3.25GB 91.1s
#4 sha256:e11f97f5c4f52b5c61f24d1a7649719e53290b36558959aba00065d0792dd43c 3.97GB / 3.97GB 106.4s
#4 sha256:e11f97f5c4f52b5c61f24d1a7649719e53290b36558959aba00065d0792dd43c 3.97GB / 3.97GB 107.8s done
#4 sha256:8e9ca2f2d5bd5147b063abd713764beafa15465b3c73e9cbdcc5dd0bd4b360d3 13.63MB / 231.64MB 0.2s
#4 sha256:8e9ca2f2d5bd5147b063abd713764beafa15465b3c73e9cbdcc5dd0bd4b360d3 47.76MB / 231.64MB 0.3s
#4 sha256:e1713986b8df2c6f8bd0649c96762e78280377c0ee3c93dd791770492f4c9e89 423.90MB / 423.90MB 6.3s
#4 sha256:8e9ca2f2d5bd5147b063abd713764beafa15465b3c73e9cbdcc5dd0bd4b360d3 112.20MB / 231.64MB 0.5s
#4 sha256:8e9ca2f2d5bd5147b063abd713764beafa15465b3c73e9cbdcc5dd0bd4b360d3 166.72MB / 231.64MB 0.6s
#4 sha256:6a462c43b11cc67c2e867898c4d61e2695273f5a9cb28f0186dbb663ba438673 6.37GB / 6.64GB 90.9s
#4 sha256:8e9ca2f2d5bd5147b063abd713764beafa15465b3c73e9cbdcc5dd0bd4b360d3 231.64MB / 231.64MB 0.8s
#4 sha256:581b2bda275e0301785b7d6a11d86f73c82fd45ef8afde6bc9b738292dd39a97 3.25GB / 3.25GB 96.2s
#4 sha256:e1713986b8df2c6f8bd0649c96762e78280377c0ee3c93dd791770492f4c9e89 423.90MB / 423.90MB 11.4s
#4 sha256:6a462c43b11cc67c2e867898c4d61e2695273f5a9cb28f0186dbb663ba438673 6.64GB / 6.64GB 96.0s
#4 sha256:8e9ca2f2d5bd5147b063abd713764beafa15465b3c73e9cbdcc5dd0bd4b360d3 231.64MB / 231.64MB 5.9s
#4 sha256:581b2bda275e0301785b7d6a11d86f73c82fd45ef8afde6bc9b738292dd39a97 3.25GB / 3.25GB 101.3s
#4 sha256:e1713986b8df2c6f8bd0649c96762e78280377c0ee3c93dd791770492f4c9e89 423.90MB / 423.90MB 13.4s done
#4 sha256:0f73f8b01956c350dd65239400b7952cd358ea169f5427f1638cef3fb501707d 1.05MB / 3.15MB 0.2s
#4 sha256:8e9ca2f2d5bd5147b063abd713764beafa15465b3c73e9cbdcc5dd0bd4b360d3 231.64MB / 231.64MB 8.1s done
#4 sha256:0f73f8b01956c350dd65239400b7952cd358ea169f5427f1638cef3fb501707d 3.15MB / 3.15MB 0.3s
#4 sha256:44eed2a91f29b12728d290a65997c9e29aa1c37ba1612095c6eabf14d549e6cc 2.68MB / 2.68MB 0.2s
#4 sha256:0f73f8b01956c350dd65239400b7952cd358ea169f5427f1638cef3fb501707d 3.15MB / 3.15MB 0.5s done
#4 sha256:dc1504527ac4601871238fa06a4747db32bdde283b3fc3141627538c7c5fbb0f 2.53MB / 2.53MB 0.2s
#4 sha256:44eed2a91f29b12728d290a65997c9e29aa1c37ba1612095c6eabf14d549e6cc 2.68MB / 2.68MB 0.7s done
#4 sha256:47a67e3f78bac9c248efe72d592bcb5c7aaed10e849f4125b00ebabe5e5eaa8b 74.08kB / 74.08kB 0.2s
#4 sha256:dc1504527ac4601871238fa06a4747db32bdde283b3fc3141627538c7c5fbb0f 2.53MB / 2.53MB 0.5s done
#4 sha256:47a67e3f78bac9c248efe72d592bcb5c7aaed10e849f4125b00ebabe5e5eaa8b 74.08kB / 74.08kB 0.5s done
#4 sha256:fcd1fc731425248892ccf234cde5078c2fee75d4d02feccfb99653af5b61bcf4 2.96kB / 2.96kB 0.2s
#4 sha256:6bfcc0c5157730e228e3e2ba3b52e0c23520df024630e4b3726ea7cfe3b2afa8 27.26MB / 1.14GB 0.2s
#4 sha256:6bfcc0c5157730e228e3e2ba3b52e0c23520df024630e4b3726ea7cfe3b2afa8 114.23MB / 1.14GB 0.5s
#4 sha256:fcd1fc731425248892ccf234cde5078c2fee75d4d02feccfb99653af5b61bcf4 2.96kB / 2.96kB 0.5s done
#4 sha256:6bfcc0c5157730e228e3e2ba3b52e0c23520df024630e4b3726ea7cfe3b2afa8 179.31MB / 1.14GB 0.6s
#4 sha256:420809fcf888c6f16d02109b2e07b0832b6bf435db87665286a1c40e21dccded 19.37MB / 19.37MB 0.2s
#4 sha256:6bfcc0c5157730e228e3e2ba3b52e0c23520df024630e4b3726ea7cfe3b2afa8 287.31MB / 1.14GB 0.9s
#4 sha256:6bfcc0c5157730e228e3e2ba3b52e0c23520df024630e4b3726ea7cfe3b2afa8 394.26MB / 1.14GB 1.2s
#4 sha256:6a462c43b11cc67c2e867898c4d61e2695273f5a9cb28f0186dbb663ba438673 6.64GB / 6.64GB 101.1s
#4 sha256:420809fcf888c6f16d02109b2e07b0832b6bf435db87665286a1c40e21dccded 19.37MB / 19.37MB 0.8s done
#4 sha256:6bfcc0c5157730e228e3e2ba3b52e0c23520df024630e4b3726ea7cfe3b2afa8 454.03MB / 1.14GB 1.4s
#4 sha256:6bfcc0c5157730e228e3e2ba3b52e0c23520df024630e4b3726ea7cfe3b2afa8 514.85MB / 1.14GB 1.7s
#4 sha256:d554d4d2d2070db31ec82e6383b369465299b8fae54bd20e42da080a7452f79c 363B / 363B 0.2s done
#4 sha256:581b2bda275e0301785b7d6a11d86f73c82fd45ef8afde6bc9b738292dd39a97 3.25GB / 3.25GB 106.4s
#4 sha256:6bfcc0c5157730e228e3e2ba3b52e0c23520df024630e4b3726ea7cfe3b2afa8 626.25MB / 1.14GB 2.0s
#4 sha256:733c3134baa1696cb8ecdca99f03a629b356ce7ba40522a4974a2292fe9185e1 375B / 375B 0.2s done
#4 sha256:3f198363f3681f1e129b54a03751ec1c6a04688bdbf2b0c8441a6bb933f153ea 536B / 536B 0.2s
#4 sha256:6bfcc0c5157730e228e3e2ba3b52e0c23520df024630e4b3726ea7cfe3b2afa8 711.98MB / 1.14GB 2.3s
#4 sha256:3f198363f3681f1e129b54a03751ec1c6a04688bdbf2b0c8441a6bb933f153ea 536B / 536B 0.2s done
#4 sha256:6bfcc0c5157730e228e3e2ba3b52e0c23520df024630e4b3726ea7cfe3b2afa8 778.04MB / 1.14GB 2.4s
#4 sha256:9577583d0756e8484d9971c5d14bd769ccc0cf624ca0105f3e7fc2a64fc4e113 4.83MB / 4.83MB 0.2s
#4 sha256:6bfcc0c5157730e228e3e2ba3b52e0c23520df024630e4b3726ea7cfe3b2afa8 885.00MB / 1.14GB 2.7s
#4 sha256:9577583d0756e8484d9971c5d14bd769ccc0cf624ca0105f3e7fc2a64fc4e113 4.83MB / 4.83MB 0.3s done
#4 sha256:155223c296bb277f44e00ecc10e1c61803ff2ac52109876a1aae29780fd188ba 8.56kB / 8.56kB 0.2s
#4 sha256:6bfcc0c5157730e228e3e2ba3b52e0c23520df024630e4b3726ea7cfe3b2afa8 961.54MB / 1.14GB 3.0s
#4 sha256:155223c296bb277f44e00ecc10e1c61803ff2ac52109876a1aae29780fd188ba 8.56kB / 8.56kB 0.2s done
#4 sha256:10952d5b1cc1aebb92654c304f6eaa7724da67f929e3d23b436fd62297bdc1d3 24.12MB / 74.31MB 0.2s
#4 sha256:6bfcc0c5157730e228e3e2ba3b52e0c23520df024630e4b3726ea7cfe3b2afa8 1.03GB / 1.14GB 3.3s
#4 sha256:10952d5b1cc1aebb92654c304f6eaa7724da67f929e3d23b436fd62297bdc1d3 74.31MB / 74.31MB 0.3s
#4 sha256:6bfcc0c5157730e228e3e2ba3b52e0c23520df024630e4b3726ea7cfe3b2afa8 1.11GB / 1.14GB 3.8s
#4 sha256:10952d5b1cc1aebb92654c304f6eaa7724da67f929e3d23b436fd62297bdc1d3 74.31MB / 74.31MB 2.9s done
#4 sha256:2dfd77b797d26bf2922cc0485476059abe679cd0363700b534f1e88b44d80daf 10.49MB / 668.11MB 0.2s
#4 sha256:6a462c43b11cc67c2e867898c4d61e2695273f5a9cb28f0186dbb663ba438673 6.64GB / 6.64GB 106.2s
#4 sha256:2dfd77b797d26bf2922cc0485476059abe679cd0363700b534f1e88b44d80daf 92.27MB / 668.11MB 0.5s
#4 sha256:2dfd77b797d26bf2922cc0485476059abe679cd0363700b534f1e88b44d80daf 154.14MB / 668.11MB 0.6s
#4 sha256:581b2bda275e0301785b7d6a11d86f73c82fd45ef8afde6bc9b738292dd39a97 3.25GB / 3.25GB 111.5s
#4 sha256:2dfd77b797d26bf2922cc0485476059abe679cd0363700b534f1e88b44d80daf 213.91MB / 668.11MB 0.8s
#4 sha256:2dfd77b797d26bf2922cc0485476059abe679cd0363700b534f1e88b44d80daf 277.87MB / 668.11MB 0.9s
#4 sha256:2dfd77b797d26bf2922cc0485476059abe679cd0363700b534f1e88b44d80daf 336.33MB / 668.11MB 1.1s
#4 sha256:2dfd77b797d26bf2922cc0485476059abe679cd0363700b534f1e88b44d80daf 397.41MB / 668.11MB 1.2s
#4 sha256:2dfd77b797d26bf2922cc0485476059abe679cd0363700b534f1e88b44d80daf 438.30MB / 668.11MB 1.5s
#4 sha256:581b2bda275e0301785b7d6a11d86f73c82fd45ef8afde6bc9b738292dd39a97 3.25GB / 3.25GB 112.1s done
#4 sha256:2dfd77b797d26bf2922cc0485476059abe679cd0363700b534f1e88b44d80daf 491.78MB / 668.11MB 1.7s
#4 sha256:2dfd77b797d26bf2922cc0485476059abe679cd0363700b534f1e88b44d80daf 541.07MB / 668.11MB 1.8s
#4 sha256:4b98a953a32bb771c0f436bd98cfdaa43838077c490452a24bfdfa0ea615d0c3 25.17MB / 384.08MB 0.2s
#4 sha256:2dfd77b797d26bf2922cc0485476059abe679cd0363700b534f1e88b44d80daf 583.01MB / 668.11MB 2.0s
#4 sha256:4b98a953a32bb771c0f436bd98cfdaa43838077c490452a24bfdfa0ea615d0c3 83.18MB / 384.08MB 0.3s
#4 sha256:2dfd77b797d26bf2922cc0485476059abe679cd0363700b534f1e88b44d80daf 632.29MB / 668.11MB 2.1s
#4 sha256:4b98a953a32bb771c0f436bd98cfdaa43838077c490452a24bfdfa0ea615d0c3 144.70MB / 384.08MB 0.5s
#4 sha256:2dfd77b797d26bf2922cc0485476059abe679cd0363700b534f1e88b44d80daf 668.11MB / 668.11MB 2.3s
#4 sha256:4b98a953a32bb771c0f436bd98cfdaa43838077c490452a24bfdfa0ea615d0c3 207.38MB / 384.08MB 0.6s
#4 sha256:4b98a953a32bb771c0f436bd98cfdaa43838077c490452a24bfdfa0ea615d0c3 268.44MB / 384.08MB 0.8s
#4 sha256:4b98a953a32bb771c0f436bd98cfdaa43838077c490452a24bfdfa0ea615d0c3 327.16MB / 384.08MB 0.9s
#4 sha256:6bfcc0c5157730e228e3e2ba3b52e0c23520df024630e4b3726ea7cfe3b2afa8 1.14GB / 1.14GB 8.9s
#4 sha256:4b98a953a32bb771c0f436bd98cfdaa43838077c490452a24bfdfa0ea615d0c3 354.06MB / 384.08MB 1.1s
#4 sha256:4b98a953a32bb771c0f436bd98cfdaa43838077c490452a24bfdfa0ea615d0c3 384.08MB / 384.08MB 1.2s
#4 sha256:6a462c43b11cc67c2e867898c4d61e2695273f5a9cb28f0186dbb663ba438673 6.64GB / 6.64GB 111.3s
#4 sha256:2dfd77b797d26bf2922cc0485476059abe679cd0363700b534f1e88b44d80daf 668.11MB / 668.11MB 7.4s
#4 sha256:6bfcc0c5157730e228e3e2ba3b52e0c23520df024630e4b3726ea7cfe3b2afa8 1.14GB / 1.14GB 14.0s
#4 sha256:4b98a953a32bb771c0f436bd98cfdaa43838077c490452a24bfdfa0ea615d0c3 384.08MB / 384.08MB 6.3s
#4 sha256:6a462c43b11cc67c2e867898c4d61e2695273f5a9cb28f0186dbb663ba438673 6.64GB / 6.64GB 116.4s
#4 sha256:2dfd77b797d26bf2922cc0485476059abe679cd0363700b534f1e88b44d80daf 668.11MB / 668.11MB 12.5s
#4 sha256:6bfcc0c5157730e228e3e2ba3b52e0c23520df024630e4b3726ea7cfe3b2afa8 1.14GB / 1.14GB 19.1s
#4 sha256:4b98a953a32bb771c0f436bd98cfdaa43838077c490452a24bfdfa0ea615d0c3 384.08MB / 384.08MB 11.4s
#4 sha256:6a462c43b11cc67c2e867898c4d61e2695273f5a9cb28f0186dbb663ba438673 6.64GB / 6.64GB 121.5s
#4 sha256:4b98a953a32bb771c0f436bd98cfdaa43838077c490452a24bfdfa0ea615d0c3 384.08MB / 384.08MB 15.0s done
#4 sha256:664c6a22ad932201c39b78508b2c5ac796ee92282b905b952bf9257f6172d013 116B / 116B 0.2s done
#4 sha256:d20c024db52a87c0f5adc8e6234904d1aa7746c49ef977f0c1ac5f0c41f1417e 12.75MB / 12.75MB 0.2s
#4 sha256:2dfd77b797d26bf2922cc0485476059abe679cd0363700b534f1e88b44d80daf 668.11MB / 668.11MB 17.6s
#4 sha256:d20c024db52a87c0f5adc8e6234904d1aa7746c49ef977f0c1ac5f0c41f1417e 12.75MB / 12.75MB 0.7s done
#4 sha256:6bfcc0c5157730e228e3e2ba3b52e0c23520df024630e4b3726ea7cfe3b2afa8 1.14GB / 1.14GB 24.2s
#4 sha256:2da96e8d83180f61175e1e5b5979381c5a61b6a2329093b15d34eed11b48ebda 29.28MB / 29.28MB 0.2s
#4 sha256:2da96e8d83180f61175e1e5b5979381c5a61b6a2329093b15d34eed11b48ebda 29.28MB / 29.28MB 1.2s done
#4 sha256:bfde45aa1d7e214206e6aae4c02c70e5e79c9f48b9c65b07c16062bb95cd10e2 5.70MB / 5.70MB 0.2s
#4 sha256:bfde45aa1d7e214206e6aae4c02c70e5e79c9f48b9c65b07c16062bb95cd10e2 5.70MB / 5.70MB 0.4s done
#4 sha256:e4ac16b4865e94b573e0a461b8fce82972d4bb2e104068a89292319d93e678b2 13.63MB / 74.00MB 0.2s
#4 sha256:e4ac16b4865e94b573e0a461b8fce82972d4bb2e104068a89292319d93e678b2 38.80MB / 74.00MB 0.3s
#4 sha256:e4ac16b4865e94b573e0a461b8fce82972d4bb2e104068a89292319d93e678b2 74.00MB / 74.00MB 0.5s
#4 sha256:6a462c43b11cc67c2e867898c4d61e2695273f5a9cb28f0186dbb663ba438673 6.64GB / 6.64GB 126.6s
#4 sha256:2dfd77b797d26bf2922cc0485476059abe679cd0363700b534f1e88b44d80daf 668.11MB / 668.11MB 22.7s
#4 sha256:e4ac16b4865e94b573e0a461b8fce82972d4bb2e104068a89292319d93e678b2 74.00MB / 74.00MB 2.9s done
#4 sha256:25544f040cbe31ee047fa1bcf6b1de0435581df22b58429f60032d0581a698a0 9.31kB / 9.31kB 0.2s done
#4 sha256:6bfcc0c5157730e228e3e2ba3b52e0c23520df024630e4b3726ea7cfe3b2afa8 1.14GB / 1.14GB 29.3s
#4 sha256:f7d0dd940fc6abf57b2a17a120638ff304a6302691eb670278c775968f5b3452 389.08kB / 389.08kB 0.3s
#4 sha256:f7d0dd940fc6abf57b2a17a120638ff304a6302691eb670278c775968f5b3452 389.08kB / 389.08kB 0.4s done
#4 sha256:d8653b71b07bf4072f580c94fa7b2ede7a6d41739e8dcc724990b673ac126aea 31.46MB / 349.71MB 0.2s
#4 sha256:d8653b71b07bf4072f580c94fa7b2ede7a6d41739e8dcc724990b673ac126aea 89.13MB / 349.71MB 0.3s
#4 sha256:d8653b71b07bf4072f580c94fa7b2ede7a6d41739e8dcc724990b673ac126aea 221.25MB / 349.71MB 0.6s
#4 sha256:d8653b71b07bf4072f580c94fa7b2ede7a6d41739e8dcc724990b673ac126aea 289.41MB / 349.71MB 0.8s
#4 sha256:d8653b71b07bf4072f580c94fa7b2ede7a6d41739e8dcc724990b673ac126aea 349.71MB / 349.71MB 0.9s
#4 sha256:6a462c43b11cc67c2e867898c4d61e2695273f5a9cb28f0186dbb663ba438673 6.64GB / 6.64GB 131.7s
#4 sha256:2dfd77b797d26bf2922cc0485476059abe679cd0363700b534f1e88b44d80daf 668.11MB / 668.11MB 25.8s done
#4 sha256:c50f8ea3907000b605c18b8aeb59b2c54fd5a0ea0781f0c19bae24bcad9cb70a 503B / 503B 0.2s done
#4 sha256:2dabfd5dddb1aea2c87239c1c863c305ad37f9b56e314c361a8501860bf2e2b4 30.41MB / 88.29MB 0.2s
#4 sha256:2dabfd5dddb1aea2c87239c1c863c305ad37f9b56e314c361a8501860bf2e2b4 71.30MB / 88.29MB 0.3s
#4 sha256:2dabfd5dddb1aea2c87239c1c863c305ad37f9b56e314c361a8501860bf2e2b4 88.29MB / 88.29MB 0.5s
#4 sha256:6bfcc0c5157730e228e3e2ba3b52e0c23520df024630e4b3726ea7cfe3b2afa8 1.14GB / 1.14GB 34.4s
#4 sha256:d8653b71b07bf4072f580c94fa7b2ede7a6d41739e8dcc724990b673ac126aea 349.71MB / 349.71MB 6.0s
#4 sha256:2dabfd5dddb1aea2c87239c1c863c305ad37f9b56e314c361a8501860bf2e2b4 88.29MB / 88.29MB 3.7s done
#4 sha256:07e412f82f03dd2dd5e80ee544ade56267c0ab1e430f8ffe1c0558314e033f2f 7.34MB / 36.65MB 0.2s
#4 sha256:07e412f82f03dd2dd5e80ee544ade56267c0ab1e430f8ffe1c0558314e033f2f 34.60MB / 36.65MB 0.3s
#4 sha256:07e412f82f03dd2dd5e80ee544ade56267c0ab1e430f8ffe1c0558314e033f2f 36.65MB / 36.65MB 0.5s
#4 sha256:6a462c43b11cc67c2e867898c4d61e2695273f5a9cb28f0186dbb663ba438673 6.64GB / 6.64GB 136.8s
#4 sha256:07e412f82f03dd2dd5e80ee544ade56267c0ab1e430f8ffe1c0558314e033f2f 36.65MB / 36.65MB 1.8s done
#4 sha256:4eb34e451322fe5ee36ec856465ab35e8c821c862c6c28e5711990374619effa 139.29kB / 139.29kB 0.2s done
#4 sha256:0e3fff093155be1f4ec88b0a1f4e943e937ed8b8d18e6d364cca94b0f35c0398 6.27kB / 6.27kB 0.2s
#4 sha256:0e3fff093155be1f4ec88b0a1f4e943e937ed8b8d18e6d364cca94b0f35c0398 6.27kB / 6.27kB 0.3s done
#4 sha256:9c281553aeb18b7814d3365daa25b8755b8277c29affc5ba5d098bf55e4ac243 182B / 182B 0.2s
#4 sha256:9c281553aeb18b7814d3365daa25b8755b8277c29affc5ba5d098bf55e4ac243 182B / 182B 0.3s done
#4 sha256:8f3004ab24c564fa9d52d9ebd2bdbd35abb70100e0e92a5864ad624a20c6c4aa 11.53kB / 11.53kB 0.2s
#4 sha256:6bfcc0c5157730e228e3e2ba3b52e0c23520df024630e4b3726ea7cfe3b2afa8 1.14GB / 1.14GB 39.5s
#4 sha256:8f3004ab24c564fa9d52d9ebd2bdbd35abb70100e0e92a5864ad624a20c6c4aa 11.53kB / 11.53kB 0.2s done
#4 sha256:4f1559b21c0f920b333697fac440b8d696e19d049cf60940d9b1ce6256a2a09c 32.51MB / 6.27GB 0.2s
#4 sha256:6bfcc0c5157730e228e3e2ba3b52e0c23520df024630e4b3726ea7cfe3b2afa8 1.14GB / 1.14GB 39.7s done
#4 sha256:e5a680752b35b3cecc336b842c00365a0ac9bc8ec2d9d8a82b03366fa2be393f 15.42kB / 15.42kB 0.2s
#4 sha256:e5a680752b35b3cecc336b842c00365a0ac9bc8ec2d9d8a82b03366fa2be393f 15.42kB / 15.42kB 0.3s done
#4 sha256:5a9563dd6b7edd7028a800529bd56510600db40ccb6f46fea69a2aca10762996 30.41MB / 274.97MB 0.2s
#4 sha256:d8653b71b07bf4072f580c94fa7b2ede7a6d41739e8dcc724990b673ac126aea 349.71MB / 349.71MB 11.1s
#4 sha256:4f1559b21c0f920b333697fac440b8d696e19d049cf60940d9b1ce6256a2a09c 363.86MB / 6.27GB 1.1s
#4 sha256:5a9563dd6b7edd7028a800529bd56510600db40ccb6f46fea69a2aca10762996 91.23MB / 274.97MB 0.3s
#4 sha256:5a9563dd6b7edd7028a800529bd56510600db40ccb6f46fea69a2aca10762996 153.09MB / 274.97MB 0.5s
#4 sha256:5a9563dd6b7edd7028a800529bd56510600db40ccb6f46fea69a2aca10762996 213.91MB / 274.97MB 0.6s
#4 sha256:5a9563dd6b7edd7028a800529bd56510600db40ccb6f46fea69a2aca10762996 274.97MB / 274.97MB 0.9s
#4 sha256:d8653b71b07bf4072f580c94fa7b2ede7a6d41739e8dcc724990b673ac126aea 349.71MB / 349.71MB 11.5s done
#4 sha256:4f1559b21c0f920b333697fac440b8d696e19d049cf60940d9b1ce6256a2a09c 701.50MB / 6.27GB 2.0s
#4 sha256:75f58769314ddc51085c6e8698f166ef763f7364ec3cbe7d67d7ba159439d6af 28.31MB / 110.48MB 0.2s
#4 sha256:75f58769314ddc51085c6e8698f166ef763f7364ec3cbe7d67d7ba159439d6af 60.82MB / 110.48MB 0.3s
#4 sha256:75f58769314ddc51085c6e8698f166ef763f7364ec3cbe7d67d7ba159439d6af 110.10MB / 110.48MB 0.5s
#4 sha256:6a462c43b11cc67c2e867898c4d61e2695273f5a9cb28f0186dbb663ba438673 6.64GB / 6.64GB 141.9s
#4 sha256:4f1559b21c0f920b333697fac440b8d696e19d049cf60940d9b1ce6256a2a09c 1.07GB / 6.27GB 2.9s
#4 sha256:4f1559b21c0f920b333697fac440b8d696e19d049cf60940d9b1ce6256a2a09c 1.39GB / 6.27GB 3.6s
#4 sha256:4f1559b21c0f920b333697fac440b8d696e19d049cf60940d9b1ce6256a2a09c 1.74GB / 6.27GB 4.5s
#4 sha256:75f58769314ddc51085c6e8698f166ef763f7364ec3cbe7d67d7ba159439d6af 110.48MB / 110.48MB 3.3s done
#4 sha256:de44b265507ae44b212defcb50694d666f136b35c1090d9709068bc861bb2d64 25.17MB / 29.75MB 0.2s
#4 sha256:de44b265507ae44b212defcb50694d666f136b35c1090d9709068bc861bb2d64 29.75MB / 29.75MB 0.3s
#4 sha256:4f1559b21c0f920b333697fac440b8d696e19d049cf60940d9b1ce6256a2a09c 2.12GB / 6.27GB 5.6s
#4 sha256:de44b265507ae44b212defcb50694d666f136b35c1090d9709068bc861bb2d64 29.75MB / 29.75MB 1.1s done
#4 sha256:4f1559b21c0f920b333697fac440b8d696e19d049cf60940d9b1ce6256a2a09c 2.45GB / 6.27GB 6.5s
#4 extracting sha256:de44b265507ae44b212defcb50694d666f136b35c1090d9709068bc861bb2d64
#4 sha256:5a9563dd6b7edd7028a800529bd56510600db40ccb6f46fea69a2aca10762996 274.97MB / 274.97MB 6.2s
#4 sha256:5a9563dd6b7edd7028a800529bd56510600db40ccb6f46fea69a2aca10762996 274.97MB / 274.97MB 6.3s done
#4 sha256:4f1559b21c0f920b333697fac440b8d696e19d049cf60940d9b1ce6256a2a09c 2.80GB / 6.27GB 7.4s
#4 extracting sha256:de44b265507ae44b212defcb50694d666f136b35c1090d9709068bc861bb2d64 0.9s done
#4 sha256:6a462c43b11cc67c2e867898c4d61e2695273f5a9cb28f0186dbb663ba438673 6.64GB / 6.64GB 147.0s
#4 extracting sha256:75f58769314ddc51085c6e8698f166ef763f7364ec3cbe7d67d7ba159439d6af
#4 sha256:4f1559b21c0f920b333697fac440b8d696e19d049cf60940d9b1ce6256a2a09c 3.12GB / 6.27GB 8.1s
#4 sha256:4f1559b21c0f920b333697fac440b8d696e19d049cf60940d9b1ce6256a2a09c 3.45GB / 6.27GB 8.9s
#4 extracting sha256:75f58769314ddc51085c6e8698f166ef763f7364ec3cbe7d67d7ba159439d6af 1.7s done
#4 extracting sha256:4f4fb700ef54461cfa02571ae0db9a0dc1e0cdb5577484a6d75e68dc38e8acc1
#4 sha256:4f1559b21c0f920b333697fac440b8d696e19d049cf60940d9b1ce6256a2a09c 3.81GB / 6.27GB 9.8s
#4 extracting sha256:4f4fb700ef54461cfa02571ae0db9a0dc1e0cdb5577484a6d75e68dc38e8acc1 0.3s done
#4 extracting sha256:5a9563dd6b7edd7028a800529bd56510600db40ccb6f46fea69a2aca10762996
#4 sha256:4f1559b21c0f920b333697fac440b8d696e19d049cf60940d9b1ce6256a2a09c 4.18GB / 6.27GB 10.7s
#4 sha256:4f1559b21c0f920b333697fac440b8d696e19d049cf60940d9b1ce6256a2a09c 4.51GB / 6.27GB 11.9s
#4 extracting sha256:5a9563dd6b7edd7028a800529bd56510600db40ccb6f46fea69a2aca10762996 3.0s done
#4 sha256:6a462c43b11cc67c2e867898c4d61e2695273f5a9cb28f0186dbb663ba438673 6.64GB / 6.64GB 152.1s
#4 sha256:4f1559b21c0f920b333697fac440b8d696e19d049cf60940d9b1ce6256a2a09c 4.90GB / 6.27GB 12.9s
#4 extracting sha256:e5a680752b35b3cecc336b842c00365a0ac9bc8ec2d9d8a82b03366fa2be393f
#4 extracting sha256:e5a680752b35b3cecc336b842c00365a0ac9bc8ec2d9d8a82b03366fa2be393f 0.3s done
#4 sha256:4f1559b21c0f920b333697fac440b8d696e19d049cf60940d9b1ce6256a2a09c 5.22GB / 6.27GB 13.7s
#4 sha256:4f1559b21c0f920b333697fac440b8d696e19d049cf60940d9b1ce6256a2a09c 5.54GB / 6.27GB 14.4s
#4 sha256:4f1559b21c0f920b333697fac440b8d696e19d049cf60940d9b1ce6256a2a09c 5.86GB / 6.27GB 15.3s
#4 sha256:4f1559b21c0f920b333697fac440b8d696e19d049cf60940d9b1ce6256a2a09c 6.19GB / 6.27GB 16.1s
#4 sha256:6a462c43b11cc67c2e867898c4d61e2695273f5a9cb28f0186dbb663ba438673 6.64GB / 6.64GB 157.2s
#4 sha256:4f1559b21c0f920b333697fac440b8d696e19d049cf60940d9b1ce6256a2a09c 6.27GB / 6.27GB 21.2s
#4 sha256:6a462c43b11cc67c2e867898c4d61e2695273f5a9cb28f0186dbb663ba438673 6.64GB / 6.64GB 162.3s
#4 sha256:4f1559b21c0f920b333697fac440b8d696e19d049cf60940d9b1ce6256a2a09c 6.27GB / 6.27GB 26.3s
#4 sha256:6a462c43b11cc67c2e867898c4d61e2695273f5a9cb28f0186dbb663ba438673 6.64GB / 6.64GB 167.4s
#4 sha256:4f1559b21c0f920b333697fac440b8d696e19d049cf60940d9b1ce6256a2a09c 6.27GB / 6.27GB 31.4s
#4 sha256:6a462c43b11cc67c2e867898c4d61e2695273f5a9cb28f0186dbb663ba438673 6.64GB / 6.64GB 172.5s
#4 sha256:4f1559b21c0f920b333697fac440b8d696e19d049cf60940d9b1ce6256a2a09c 6.27GB / 6.27GB 36.5s
#4 sha256:6a462c43b11cc67c2e867898c4d61e2695273f5a9cb28f0186dbb663ba438673 6.64GB / 6.64GB 177.6s
#4 sha256:4f1559b21c0f920b333697fac440b8d696e19d049cf60940d9b1ce6256a2a09c 6.27GB / 6.27GB 41.6s
#4 sha256:6a462c43b11cc67c2e867898c4d61e2695273f5a9cb28f0186dbb663ba438673 6.64GB / 6.64GB 182.7s
#4 sha256:6a462c43b11cc67c2e867898c4d61e2695273f5a9cb28f0186dbb663ba438673 6.64GB / 6.64GB 185.0s done
#4 sha256:4f1559b21c0f920b333697fac440b8d696e19d049cf60940d9b1ce6256a2a09c 6.27GB / 6.27GB 46.7s
#4 sha256:4f1559b21c0f920b333697fac440b8d696e19d049cf60940d9b1ce6256a2a09c 6.27GB / 6.27GB 51.8s
#4 sha256:4f1559b21c0f920b333697fac440b8d696e19d049cf60940d9b1ce6256a2a09c 6.27GB / 6.27GB 56.9s
#4 sha256:4f1559b21c0f920b333697fac440b8d696e19d049cf60940d9b1ce6256a2a09c 6.27GB / 6.27GB 62.0s
#4 sha256:4f1559b21c0f920b333697fac440b8d696e19d049cf60940d9b1ce6256a2a09c 6.27GB / 6.27GB 67.1s
#4 sha256:4f1559b21c0f920b333697fac440b8d696e19d049cf60940d9b1ce6256a2a09c 6.27GB / 6.27GB 72.2s
#4 sha256:4f1559b21c0f920b333697fac440b8d696e19d049cf60940d9b1ce6256a2a09c 6.27GB / 6.27GB 77.3s
#4 sha256:4f1559b21c0f920b333697fac440b8d696e19d049cf60940d9b1ce6256a2a09c 6.27GB / 6.27GB 82.4s
#4 sha256:4f1559b21c0f920b333697fac440b8d696e19d049cf60940d9b1ce6256a2a09c 6.27GB / 6.27GB 87.5s
#4 sha256:4f1559b21c0f920b333697fac440b8d696e19d049cf60940d9b1ce6256a2a09c 6.27GB / 6.27GB 90.1s done
#4 extracting sha256:4f1559b21c0f920b333697fac440b8d696e19d049cf60940d9b1ce6256a2a09c
#4 extracting sha256:4f1559b21c0f920b333697fac440b8d696e19d049cf60940d9b1ce6256a2a09c 44.3s done
#4 DONE 294.6s

#4 [1/3] FROM nvcr.io/nvidia/nemo:25.02@sha256:dcd657afd4b85c9ed3f1c784fe69a826f23915ed650ee453b3fd6812035f9989
#4 extracting sha256:8f3004ab24c564fa9d52d9ebd2bdbd35abb70100e0e92a5864ad624a20c6c4aa
#4 extracting sha256:8f3004ab24c564fa9d52d9ebd2bdbd35abb70100e0e92a5864ad624a20c6c4aa 0.3s done
#4 DONE 294.9s

#4 [1/3] FROM nvcr.io/nvidia/nemo:25.02@sha256:dcd657afd4b85c9ed3f1c784fe69a826f23915ed650ee453b3fd6812035f9989
#4 extracting sha256:9c281553aeb18b7814d3365daa25b8755b8277c29affc5ba5d098bf55e4ac243
#4 extracting sha256:9c281553aeb18b7814d3365daa25b8755b8277c29affc5ba5d098bf55e4ac243 0.3s done
#4 DONE 295.2s

#4 [1/3] FROM nvcr.io/nvidia/nemo:25.02@sha256:dcd657afd4b85c9ed3f1c784fe69a826f23915ed650ee453b3fd6812035f9989
#4 extracting sha256:0e3fff093155be1f4ec88b0a1f4e943e937ed8b8d18e6d364cca94b0f35c0398
#4 extracting sha256:0e3fff093155be1f4ec88b0a1f4e943e937ed8b8d18e6d364cca94b0f35c0398 0.3s done
#4 DONE 295.5s

#4 [1/3] FROM nvcr.io/nvidia/nemo:25.02@sha256:dcd657afd4b85c9ed3f1c784fe69a826f23915ed650ee453b3fd6812035f9989
#4 extracting sha256:4eb34e451322fe5ee36ec856465ab35e8c821c862c6c28e5711990374619effa
#4 extracting sha256:4eb34e451322fe5ee36ec856465ab35e8c821c862c6c28e5711990374619effa 0.4s done
#4 DONE 295.9s

#4 [1/3] FROM nvcr.io/nvidia/nemo:25.02@sha256:dcd657afd4b85c9ed3f1c784fe69a826f23915ed650ee453b3fd6812035f9989
#4 extracting sha256:07e412f82f03dd2dd5e80ee544ade56267c0ab1e430f8ffe1c0558314e033f2f
#4 extracting sha256:07e412f82f03dd2dd5e80ee544ade56267c0ab1e430f8ffe1c0558314e033f2f 0.9s done
#4 DONE 296.7s

#4 [1/3] FROM nvcr.io/nvidia/nemo:25.02@sha256:dcd657afd4b85c9ed3f1c784fe69a826f23915ed650ee453b3fd6812035f9989
#4 extracting sha256:2dabfd5dddb1aea2c87239c1c863c305ad37f9b56e314c361a8501860bf2e2b4
#4 extracting sha256:2dabfd5dddb1aea2c87239c1c863c305ad37f9b56e314c361a8501860bf2e2b4 1.2s done
#4 DONE 297.9s

#4 [1/3] FROM nvcr.io/nvidia/nemo:25.02@sha256:dcd657afd4b85c9ed3f1c784fe69a826f23915ed650ee453b3fd6812035f9989
#4 extracting sha256:c50f8ea3907000b605c18b8aeb59b2c54fd5a0ea0781f0c19bae24bcad9cb70a
#4 extracting sha256:c50f8ea3907000b605c18b8aeb59b2c54fd5a0ea0781f0c19bae24bcad9cb70a 0.3s done
#4 DONE 298.2s

#4 [1/3] FROM nvcr.io/nvidia/nemo:25.02@sha256:dcd657afd4b85c9ed3f1c784fe69a826f23915ed650ee453b3fd6812035f9989
#4 extracting sha256:d8653b71b07bf4072f580c94fa7b2ede7a6d41739e8dcc724990b673ac126aea
#4 extracting sha256:d8653b71b07bf4072f580c94fa7b2ede7a6d41739e8dcc724990b673ac126aea 3.3s done
#4 DONE 301.5s

#4 [1/3] FROM nvcr.io/nvidia/nemo:25.02@sha256:dcd657afd4b85c9ed3f1c784fe69a826f23915ed650ee453b3fd6812035f9989
#4 extracting sha256:f7d0dd940fc6abf57b2a17a120638ff304a6302691eb670278c775968f5b3452
#4 extracting sha256:f7d0dd940fc6abf57b2a17a120638ff304a6302691eb670278c775968f5b3452 0.4s done
#4 DONE 301.9s

#4 [1/3] FROM nvcr.io/nvidia/nemo:25.02@sha256:dcd657afd4b85c9ed3f1c784fe69a826f23915ed650ee453b3fd6812035f9989
#4 extracting sha256:25544f040cbe31ee047fa1bcf6b1de0435581df22b58429f60032d0581a698a0
#4 extracting sha256:25544f040cbe31ee047fa1bcf6b1de0435581df22b58429f60032d0581a698a0 0.3s done
#4 DONE 302.3s

#4 [1/3] FROM nvcr.io/nvidia/nemo:25.02@sha256:dcd657afd4b85c9ed3f1c784fe69a826f23915ed650ee453b3fd6812035f9989
#4 extracting sha256:e4ac16b4865e94b573e0a461b8fce82972d4bb2e104068a89292319d93e678b2
#4 extracting sha256:e4ac16b4865e94b573e0a461b8fce82972d4bb2e104068a89292319d93e678b2 1.0s done
#4 DONE 303.3s

#4 [1/3] FROM nvcr.io/nvidia/nemo:25.02@sha256:dcd657afd4b85c9ed3f1c784fe69a826f23915ed650ee453b3fd6812035f9989
#4 extracting sha256:bfde45aa1d7e214206e6aae4c02c70e5e79c9f48b9c65b07c16062bb95cd10e2
#4 extracting sha256:bfde45aa1d7e214206e6aae4c02c70e5e79c9f48b9c65b07c16062bb95cd10e2 0.4s done
#4 DONE 303.6s

#4 [1/3] FROM nvcr.io/nvidia/nemo:25.02@sha256:dcd657afd4b85c9ed3f1c784fe69a826f23915ed650ee453b3fd6812035f9989
#4 extracting sha256:2da96e8d83180f61175e1e5b5979381c5a61b6a2329093b15d34eed11b48ebda
#4 extracting sha256:2da96e8d83180f61175e1e5b5979381c5a61b6a2329093b15d34eed11b48ebda 0.8s done
#4 DONE 304.5s

#4 [1/3] FROM nvcr.io/nvidia/nemo:25.02@sha256:dcd657afd4b85c9ed3f1c784fe69a826f23915ed650ee453b3fd6812035f9989
#4 extracting sha256:d20c024db52a87c0f5adc8e6234904d1aa7746c49ef977f0c1ac5f0c41f1417e
#4 extracting sha256:d20c024db52a87c0f5adc8e6234904d1aa7746c49ef977f0c1ac5f0c41f1417e 0.4s done
#4 DONE 304.9s

#4 [1/3] FROM nvcr.io/nvidia/nemo:25.02@sha256:dcd657afd4b85c9ed3f1c784fe69a826f23915ed650ee453b3fd6812035f9989
#4 extracting sha256:4f4fb700ef54461cfa02571ae0db9a0dc1e0cdb5577484a6d75e68dc38e8acc1
#4 extracting sha256:4f4fb700ef54461cfa02571ae0db9a0dc1e0cdb5577484a6d75e68dc38e8acc1 0.3s done
#4 DONE 305.2s

#4 [1/3] FROM nvcr.io/nvidia/nemo:25.02@sha256:dcd657afd4b85c9ed3f1c784fe69a826f23915ed650ee453b3fd6812035f9989
#4 extracting sha256:664c6a22ad932201c39b78508b2c5ac796ee92282b905b952bf9257f6172d013
#4 extracting sha256:664c6a22ad932201c39b78508b2c5ac796ee92282b905b952bf9257f6172d013 0.3s done
#4 DONE 305.5s

#4 [1/3] FROM nvcr.io/nvidia/nemo:25.02@sha256:dcd657afd4b85c9ed3f1c784fe69a826f23915ed650ee453b3fd6812035f9989
#4 extracting sha256:4b98a953a32bb771c0f436bd98cfdaa43838077c490452a24bfdfa0ea615d0c3
#4 extracting sha256:4b98a953a32bb771c0f436bd98cfdaa43838077c490452a24bfdfa0ea615d0c3 9.5s done
#4 DONE 314.9s

#4 [1/3] FROM nvcr.io/nvidia/nemo:25.02@sha256:dcd657afd4b85c9ed3f1c784fe69a826f23915ed650ee453b3fd6812035f9989
#4 extracting sha256:2dfd77b797d26bf2922cc0485476059abe679cd0363700b534f1e88b44d80daf
#4 extracting sha256:2dfd77b797d26bf2922cc0485476059abe679cd0363700b534f1e88b44d80daf 7.1s done
#4 DONE 322.1s

#4 [1/3] FROM nvcr.io/nvidia/nemo:25.02@sha256:dcd657afd4b85c9ed3f1c784fe69a826f23915ed650ee453b3fd6812035f9989
#4 extracting sha256:10952d5b1cc1aebb92654c304f6eaa7724da67f929e3d23b436fd62297bdc1d3
#4 extracting sha256:10952d5b1cc1aebb92654c304f6eaa7724da67f929e3d23b436fd62297bdc1d3 1.4s done
#4 DONE 323.5s

#4 [1/3] FROM nvcr.io/nvidia/nemo:25.02@sha256:dcd657afd4b85c9ed3f1c784fe69a826f23915ed650ee453b3fd6812035f9989
#4 extracting sha256:155223c296bb277f44e00ecc10e1c61803ff2ac52109876a1aae29780fd188ba
#4 extracting sha256:155223c296bb277f44e00ecc10e1c61803ff2ac52109876a1aae29780fd188ba 0.3s done
#4 DONE 323.8s

#4 [1/3] FROM nvcr.io/nvidia/nemo:25.02@sha256:dcd657afd4b85c9ed3f1c784fe69a826f23915ed650ee453b3fd6812035f9989
#4 extracting sha256:4f4fb700ef54461cfa02571ae0db9a0dc1e0cdb5577484a6d75e68dc38e8acc1
#4 extracting sha256:4f4fb700ef54461cfa02571ae0db9a0dc1e0cdb5577484a6d75e68dc38e8acc1 0.3s done
#4 DONE 324.1s

#4 [1/3] FROM nvcr.io/nvidia/nemo:25.02@sha256:dcd657afd4b85c9ed3f1c784fe69a826f23915ed650ee453b3fd6812035f9989
#4 extracting sha256:9577583d0756e8484d9971c5d14bd769ccc0cf624ca0105f3e7fc2a64fc4e113
#4 extracting sha256:9577583d0756e8484d9971c5d14bd769ccc0cf624ca0105f3e7fc2a64fc4e113 0.3s done
#4 DONE 324.4s

#4 [1/3] FROM nvcr.io/nvidia/nemo:25.02@sha256:dcd657afd4b85c9ed3f1c784fe69a826f23915ed650ee453b3fd6812035f9989
#4 extracting sha256:3f198363f3681f1e129b54a03751ec1c6a04688bdbf2b0c8441a6bb933f153ea
#4 extracting sha256:3f198363f3681f1e129b54a03751ec1c6a04688bdbf2b0c8441a6bb933f153ea 0.3s done
#4 DONE 324.7s

#4 [1/3] FROM nvcr.io/nvidia/nemo:25.02@sha256:dcd657afd4b85c9ed3f1c784fe69a826f23915ed650ee453b3fd6812035f9989
#4 extracting sha256:733c3134baa1696cb8ecdca99f03a629b356ce7ba40522a4974a2292fe9185e1
#4 extracting sha256:733c3134baa1696cb8ecdca99f03a629b356ce7ba40522a4974a2292fe9185e1 0.3s done
#4 DONE 325.0s

#4 [1/3] FROM nvcr.io/nvidia/nemo:25.02@sha256:dcd657afd4b85c9ed3f1c784fe69a826f23915ed650ee453b3fd6812035f9989
#4 extracting sha256:d554d4d2d2070db31ec82e6383b369465299b8fae54bd20e42da080a7452f79c
#4 extracting sha256:d554d4d2d2070db31ec82e6383b369465299b8fae54bd20e42da080a7452f79c 0.3s done
#4 DONE 325.3s

#4 [1/3] FROM nvcr.io/nvidia/nemo:25.02@sha256:dcd657afd4b85c9ed3f1c784fe69a826f23915ed650ee453b3fd6812035f9989
#4 extracting sha256:420809fcf888c6f16d02109b2e07b0832b6bf435db87665286a1c40e21dccded
#4 extracting sha256:420809fcf888c6f16d02109b2e07b0832b6bf435db87665286a1c40e21dccded 0.6s done
#4 DONE 325.9s

#4 [1/3] FROM nvcr.io/nvidia/nemo:25.02@sha256:dcd657afd4b85c9ed3f1c784fe69a826f23915ed650ee453b3fd6812035f9989
#4 extracting sha256:6bfcc0c5157730e228e3e2ba3b52e0c23520df024630e4b3726ea7cfe3b2afa8
#4 extracting sha256:6bfcc0c5157730e228e3e2ba3b52e0c23520df024630e4b3726ea7cfe3b2afa8 10.1s done
#4 DONE 336.0s

#4 [1/3] FROM nvcr.io/nvidia/nemo:25.02@sha256:dcd657afd4b85c9ed3f1c784fe69a826f23915ed650ee453b3fd6812035f9989
#4 extracting sha256:fcd1fc731425248892ccf234cde5078c2fee75d4d02feccfb99653af5b61bcf4
#4 extracting sha256:fcd1fc731425248892ccf234cde5078c2fee75d4d02feccfb99653af5b61bcf4 0.3s done
#4 DONE 336.3s

#4 [1/3] FROM nvcr.io/nvidia/nemo:25.02@sha256:dcd657afd4b85c9ed3f1c784fe69a826f23915ed650ee453b3fd6812035f9989
#4 extracting sha256:47a67e3f78bac9c248efe72d592bcb5c7aaed10e849f4125b00ebabe5e5eaa8b
#4 extracting sha256:47a67e3f78bac9c248efe72d592bcb5c7aaed10e849f4125b00ebabe5e5eaa8b 0.3s done
#4 DONE 336.6s

#4 [1/3] FROM nvcr.io/nvidia/nemo:25.02@sha256:dcd657afd4b85c9ed3f1c784fe69a826f23915ed650ee453b3fd6812035f9989
#4 extracting sha256:dc1504527ac4601871238fa06a4747db32bdde283b3fc3141627538c7c5fbb0f
#4 extracting sha256:dc1504527ac4601871238fa06a4747db32bdde283b3fc3141627538c7c5fbb0f 0.3s done
#4 DONE 336.9s

#4 [1/3] FROM nvcr.io/nvidia/nemo:25.02@sha256:dcd657afd4b85c9ed3f1c784fe69a826f23915ed650ee453b3fd6812035f9989
#4 extracting sha256:4f4fb700ef54461cfa02571ae0db9a0dc1e0cdb5577484a6d75e68dc38e8acc1
#4 extracting sha256:4f4fb700ef54461cfa02571ae0db9a0dc1e0cdb5577484a6d75e68dc38e8acc1 0.3s done
#4 DONE 337.2s

#4 [1/3] FROM nvcr.io/nvidia/nemo:25.02@sha256:dcd657afd4b85c9ed3f1c784fe69a826f23915ed650ee453b3fd6812035f9989
#4 extracting sha256:44eed2a91f29b12728d290a65997c9e29aa1c37ba1612095c6eabf14d549e6cc
#4 extracting sha256:44eed2a91f29b12728d290a65997c9e29aa1c37ba1612095c6eabf14d549e6cc 0.3s done
#4 DONE 337.6s

#4 [1/3] FROM nvcr.io/nvidia/nemo:25.02@sha256:dcd657afd4b85c9ed3f1c784fe69a826f23915ed650ee453b3fd6812035f9989
#4 extracting sha256:0f73f8b01956c350dd65239400b7952cd358ea169f5427f1638cef3fb501707d
#4 extracting sha256:0f73f8b01956c350dd65239400b7952cd358ea169f5427f1638cef3fb501707d 0.4s done
#4 DONE 338.0s

#4 [1/3] FROM nvcr.io/nvidia/nemo:25.02@sha256:dcd657afd4b85c9ed3f1c784fe69a826f23915ed650ee453b3fd6812035f9989
#4 extracting sha256:8e9ca2f2d5bd5147b063abd713764beafa15465b3c73e9cbdcc5dd0bd4b360d3
#4 extracting sha256:8e9ca2f2d5bd5147b063abd713764beafa15465b3c73e9cbdcc5dd0bd4b360d3 2.0s done
#4 DONE 339.9s

#4 [1/3] FROM nvcr.io/nvidia/nemo:25.02@sha256:dcd657afd4b85c9ed3f1c784fe69a826f23915ed650ee453b3fd6812035f9989
#4 extracting sha256:e1713986b8df2c6f8bd0649c96762e78280377c0ee3c93dd791770492f4c9e89
#4 extracting sha256:e1713986b8df2c6f8bd0649c96762e78280377c0ee3c93dd791770492f4c9e89 3.7s done
#4 DONE 343.6s

#4 [1/3] FROM nvcr.io/nvidia/nemo:25.02@sha256:dcd657afd4b85c9ed3f1c784fe69a826f23915ed650ee453b3fd6812035f9989
#4 extracting sha256:c8117f42fa239be4ec67860d3ce8c530470aa5cc498c0e62035a8bad8c2ff01b
#4 extracting sha256:c8117f42fa239be4ec67860d3ce8c530470aa5cc498c0e62035a8bad8c2ff01b 0.6s done
#4 DONE 344.3s

#4 [1/3] FROM nvcr.io/nvidia/nemo:25.02@sha256:dcd657afd4b85c9ed3f1c784fe69a826f23915ed650ee453b3fd6812035f9989
#4 extracting sha256:68e7abeffa5b57a21ef8aa595169878b405da61dcaa875cf4f944b74eb46212b
#4 extracting sha256:68e7abeffa5b57a21ef8aa595169878b405da61dcaa875cf4f944b74eb46212b 0.3s done
#4 DONE 344.6s

#4 [1/3] FROM nvcr.io/nvidia/nemo:25.02@sha256:dcd657afd4b85c9ed3f1c784fe69a826f23915ed650ee453b3fd6812035f9989
#4 extracting sha256:57e15861492ad24080576530500e02812796df74d2b74ee2d22a35f5f0b407ba
#4 extracting sha256:57e15861492ad24080576530500e02812796df74d2b74ee2d22a35f5f0b407ba 2.2s done
#4 DONE 346.8s

#4 [1/3] FROM nvcr.io/nvidia/nemo:25.02@sha256:dcd657afd4b85c9ed3f1c784fe69a826f23915ed650ee453b3fd6812035f9989
#4 extracting sha256:260f6c1997d43141658dece585a56406fb750340aa9d23b7438af319292b6380
#4 extracting sha256:260f6c1997d43141658dece585a56406fb750340aa9d23b7438af319292b6380 0.3s done
#4 DONE 347.1s

#4 [1/3] FROM nvcr.io/nvidia/nemo:25.02@sha256:dcd657afd4b85c9ed3f1c784fe69a826f23915ed650ee453b3fd6812035f9989
#4 extracting sha256:40286aef40fb4bcbff635535fda201bcd65d43b5c545ad09cf159faef1723e75
#4 extracting sha256:40286aef40fb4bcbff635535fda201bcd65d43b5c545ad09cf159faef1723e75 28.0s done
#4 DONE 375.1s

#4 [1/3] FROM nvcr.io/nvidia/nemo:25.02@sha256:dcd657afd4b85c9ed3f1c784fe69a826f23915ed650ee453b3fd6812035f9989
#4 extracting sha256:4f4fb700ef54461cfa02571ae0db9a0dc1e0cdb5577484a6d75e68dc38e8acc1
#4 extracting sha256:4f4fb700ef54461cfa02571ae0db9a0dc1e0cdb5577484a6d75e68dc38e8acc1 0.3s done
#4 DONE 375.4s

#4 [1/3] FROM nvcr.io/nvidia/nemo:25.02@sha256:dcd657afd4b85c9ed3f1c784fe69a826f23915ed650ee453b3fd6812035f9989
#4 extracting sha256:64306439cf6411bda2672013d3bdc563e1295dca759ff1e257ead37e6bf26ad9 0.1s done
#4 extracting sha256:2eef2a8a00b2a8418c05971b721afc96cafb3d5f58c20fc270d43088619cc9e9 0.0s done
#4 DONE 375.5s

#4 [1/3] FROM nvcr.io/nvidia/nemo:25.02@sha256:dcd657afd4b85c9ed3f1c784fe69a826f23915ed650ee453b3fd6812035f9989
#4 extracting sha256:c31d051b387dfc4bff87b7e152be665eab0494cb9caf161da725b6bfa2a12a68
#4 extracting sha256:c31d051b387dfc4bff87b7e152be665eab0494cb9caf161da725b6bfa2a12a68 0.5s done
#4 DONE 376.0s

#4 [1/3] FROM nvcr.io/nvidia/nemo:25.02@sha256:dcd657afd4b85c9ed3f1c784fe69a826f23915ed650ee453b3fd6812035f9989
#4 extracting sha256:a3b7808cfc0a59e1ffe846f47fad05160bc808a1b30b50f7d21d22213a9b275a
#4 extracting sha256:a3b7808cfc0a59e1ffe846f47fad05160bc808a1b30b50f7d21d22213a9b275a 0.3s done
#4 DONE 376.2s

#4 [1/3] FROM nvcr.io/nvidia/nemo:25.02@sha256:dcd657afd4b85c9ed3f1c784fe69a826f23915ed650ee453b3fd6812035f9989
#4 extracting sha256:08240b4c9251091153a97b2054c7db3b893ccdd5d2843b1ad895513ed0d74f21 0.1s done
#4 DONE 376.4s

#4 [1/3] FROM nvcr.io/nvidia/nemo:25.02@sha256:dcd657afd4b85c9ed3f1c784fe69a826f23915ed650ee453b3fd6812035f9989
#4 extracting sha256:d4a83ccfa190f92a5c4d0f264dea2d10ca393118b0fe056f0daad7a49cda8197
#4 extracting sha256:d4a83ccfa190f92a5c4d0f264dea2d10ca393118b0fe056f0daad7a49cda8197 0.5s done
#4 DONE 376.8s

#4 [1/3] FROM nvcr.io/nvidia/nemo:25.02@sha256:dcd657afd4b85c9ed3f1c784fe69a826f23915ed650ee453b3fd6812035f9989
#4 extracting sha256:1a986d21c391ec36972c2ec57993cdb63dfcf9891e419382e0a40ff1968976c6
#4 extracting sha256:1a986d21c391ec36972c2ec57993cdb63dfcf9891e419382e0a40ff1968976c6 1.4s done
#4 DONE 378.2s

#4 [1/3] FROM nvcr.io/nvidia/nemo:25.02@sha256:dcd657afd4b85c9ed3f1c784fe69a826f23915ed650ee453b3fd6812035f9989
#4 extracting sha256:e5bdc549d1977cd22f05e6e1c58b11bcfa7463cef70c39cfd2e912b2bd6485b9
#4 extracting sha256:e5bdc549d1977cd22f05e6e1c58b11bcfa7463cef70c39cfd2e912b2bd6485b9 5.6s done
#4 DONE 383.8s

#4 [1/3] FROM nvcr.io/nvidia/nemo:25.02@sha256:dcd657afd4b85c9ed3f1c784fe69a826f23915ed650ee453b3fd6812035f9989
#4 extracting sha256:0d1065c0581718e93604d1630f432d797794975efd5eeeb2f266b098b32ae1ea
#4 extracting sha256:0d1065c0581718e93604d1630f432d797794975efd5eeeb2f266b098b32ae1ea 0.7s done
#4 DONE 384.5s

#4 [1/3] FROM nvcr.io/nvidia/nemo:25.02@sha256:dcd657afd4b85c9ed3f1c784fe69a826f23915ed650ee453b3fd6812035f9989
#4 extracting sha256:6756067270f980944529281b21addf08df17014e376e3e9440802af2ce2af491
#4 extracting sha256:6756067270f980944529281b21addf08df17014e376e3e9440802af2ce2af491 12.8s done
#4 DONE 397.3s

#4 [1/3] FROM nvcr.io/nvidia/nemo:25.02@sha256:dcd657afd4b85c9ed3f1c784fe69a826f23915ed650ee453b3fd6812035f9989
#4 extracting sha256:31eadbc970be0e1f1e020d912d2c51f02fd7389d2dfbd6938ba1c327298ba7ee
#4 extracting sha256:31eadbc970be0e1f1e020d912d2c51f02fd7389d2dfbd6938ba1c327298ba7ee 0.5s done
#4 DONE 397.8s

#4 [1/3] FROM nvcr.io/nvidia/nemo:25.02@sha256:dcd657afd4b85c9ed3f1c784fe69a826f23915ed650ee453b3fd6812035f9989
#4 extracting sha256:4861b7e55b611168696589bdd0d19d000aca75b2a6bbfd0f30b2b211c947b58c
#4 extracting sha256:4861b7e55b611168696589bdd0d19d000aca75b2a6bbfd0f30b2b211c947b58c 0.4s done
#4 DONE 398.2s

#4 [1/3] FROM nvcr.io/nvidia/nemo:25.02@sha256:dcd657afd4b85c9ed3f1c784fe69a826f23915ed650ee453b3fd6812035f9989
#4 extracting sha256:832ef971be3933c1b7b103599f4179de9f8b05531c7d57e5025666000041e1e8
#4 extracting sha256:832ef971be3933c1b7b103599f4179de9f8b05531c7d57e5025666000041e1e8 3.7s done
#4 DONE 401.9s

#4 [1/3] FROM nvcr.io/nvidia/nemo:25.02@sha256:dcd657afd4b85c9ed3f1c784fe69a826f23915ed650ee453b3fd6812035f9989
#4 extracting sha256:65d92c2c5b83a63b208600c0f2f9865c94a8601aaadec3d6c114ca228ed0e24b
#4 extracting sha256:65d92c2c5b83a63b208600c0f2f9865c94a8601aaadec3d6c114ca228ed0e24b 0.2s done
#4 DONE 402.1s

#4 [1/3] FROM nvcr.io/nvidia/nemo:25.02@sha256:dcd657afd4b85c9ed3f1c784fe69a826f23915ed650ee453b3fd6812035f9989
#4 extracting sha256:4f4fb700ef54461cfa02571ae0db9a0dc1e0cdb5577484a6d75e68dc38e8acc1 0.1s done
#4 extracting sha256:337a25e2a32327148578674a56446d7b71fdf9eb9da5b5b73d199c9cb8af40b6
#4 extracting sha256:337a25e2a32327148578674a56446d7b71fdf9eb9da5b5b73d199c9cb8af40b6 2.4s done
#4 DONE 404.6s

#4 [1/3] FROM nvcr.io/nvidia/nemo:25.02@sha256:dcd657afd4b85c9ed3f1c784fe69a826f23915ed650ee453b3fd6812035f9989
#4 extracting sha256:f542527469145a2ddf8230611622d890b28116e62b0032976508486e1a21f96c
#4 extracting sha256:f542527469145a2ddf8230611622d890b28116e62b0032976508486e1a21f96c 0.4s done
#4 DONE 405.0s

#4 [1/3] FROM nvcr.io/nvidia/nemo:25.02@sha256:dcd657afd4b85c9ed3f1c784fe69a826f23915ed650ee453b3fd6812035f9989
#4 extracting sha256:6a462c43b11cc67c2e867898c4d61e2695273f5a9cb28f0186dbb663ba438673
#4 extracting sha256:6a462c43b11cc67c2e867898c4d61e2695273f5a9cb28f0186dbb663ba438673 77.1s done
#4 DONE 482.0s

#4 [1/3] FROM nvcr.io/nvidia/nemo:25.02@sha256:dcd657afd4b85c9ed3f1c784fe69a826f23915ed650ee453b3fd6812035f9989
#4 extracting sha256:4f4fb700ef54461cfa02571ae0db9a0dc1e0cdb5577484a6d75e68dc38e8acc1
#4 extracting sha256:4f4fb700ef54461cfa02571ae0db9a0dc1e0cdb5577484a6d75e68dc38e8acc1 0.2s done
#4 DONE 482.2s

#4 [1/3] FROM nvcr.io/nvidia/nemo:25.02@sha256:dcd657afd4b85c9ed3f1c784fe69a826f23915ed650ee453b3fd6812035f9989
#4 extracting sha256:4f4fb700ef54461cfa02571ae0db9a0dc1e0cdb5577484a6d75e68dc38e8acc1 0.1s done
#4 DONE 482.4s

#4 [1/3] FROM nvcr.io/nvidia/nemo:25.02@sha256:dcd657afd4b85c9ed3f1c784fe69a826f23915ed650ee453b3fd6812035f9989
#4 extracting sha256:7f7acf8372c85d627c64725699b9c1c4fa77edb2e2f094a55f6439449587fdaa
#4 extracting sha256:7f7acf8372c85d627c64725699b9c1c4fa77edb2e2f094a55f6439449587fdaa 5.3s done
#4 DONE 487.7s

#4 [1/3] FROM nvcr.io/nvidia/nemo:25.02@sha256:dcd657afd4b85c9ed3f1c784fe69a826f23915ed650ee453b3fd6812035f9989
#4 extracting sha256:85fda4431f8eaeea35a27143eec2818047c48d5282775d7e0b4c00fca065bb6b 0.1s done
#4 DONE 487.9s

#4 [1/3] FROM nvcr.io/nvidia/nemo:25.02@sha256:dcd657afd4b85c9ed3f1c784fe69a826f23915ed650ee453b3fd6812035f9989
#4 extracting sha256:581b2bda275e0301785b7d6a11d86f73c82fd45ef8afde6bc9b738292dd39a97
#4 extracting sha256:581b2bda275e0301785b7d6a11d86f73c82fd45ef8afde6bc9b738292dd39a97 173.4s done
#4 DONE 661.2s

#4 [1/3] FROM nvcr.io/nvidia/nemo:25.02@sha256:dcd657afd4b85c9ed3f1c784fe69a826f23915ed650ee453b3fd6812035f9989
#4 extracting sha256:2bb017fd60d62929948c0824de2ffd183920d2a249fcd5f15f4f1c637450a3ed 0.0s done
#4 extracting sha256:aa5adc8d375dd897461c6984d6dbbddd96db233257e5ed582c79db36f0e37b4c 0.1s done
#4 extracting sha256:d30fb0073c35eec09a9556a8392eab5e77031930de75e7de21b48f867cc9603c 0.0s done
#4 DONE 661.4s

#4 [1/3] FROM nvcr.io/nvidia/nemo:25.02@sha256:dcd657afd4b85c9ed3f1c784fe69a826f23915ed650ee453b3fd6812035f9989
#4 extracting sha256:4f4fb700ef54461cfa02571ae0db9a0dc1e0cdb5577484a6d75e68dc38e8acc1 0.0s done
#4 extracting sha256:780507ee27416f19c41bd563c4433bb773a282010c41fc8eb0eb83c18b913d6e 0.0s done
#4 extracting sha256:3ac948cfc17765361404ba004020fcbdb0e4e4b26f0ec3ac148789257effdf62
#4 extracting sha256:3ac948cfc17765361404ba004020fcbdb0e4e4b26f0ec3ac148789257effdf62 0.8s done
#4 DONE 662.2s

#4 [1/3] FROM nvcr.io/nvidia/nemo:25.02@sha256:dcd657afd4b85c9ed3f1c784fe69a826f23915ed650ee453b3fd6812035f9989
#4 extracting sha256:8b4545758204ca3302d63a74eb2a4ded8ce110de4c263e6a1964747d9957f85b
#4 extracting sha256:8b4545758204ca3302d63a74eb2a4ded8ce110de4c263e6a1964747d9957f85b 33.1s done
#4 DONE 695.3s

#4 [1/3] FROM nvcr.io/nvidia/nemo:25.02@sha256:dcd657afd4b85c9ed3f1c784fe69a826f23915ed650ee453b3fd6812035f9989
#4 extracting sha256:da6c50f0c8666e1df20d06b71dbc48ffd18cb6a1ad36e5a931204bbcd524c91c
#4 extracting sha256:da6c50f0c8666e1df20d06b71dbc48ffd18cb6a1ad36e5a931204bbcd524c91c 0.4s done
#4 DONE 695.7s

#4 [1/3] FROM nvcr.io/nvidia/nemo:25.02@sha256:dcd657afd4b85c9ed3f1c784fe69a826f23915ed650ee453b3fd6812035f9989
#4 extracting sha256:1c1462de7957fabb2c995dc3c5cfcb434eee44a21af7caf7ba6c632066e347e7
#4 extracting sha256:1c1462de7957fabb2c995dc3c5cfcb434eee44a21af7caf7ba6c632066e347e7 6.9s done
#4 DONE 702.5s

#4 [1/3] FROM nvcr.io/nvidia/nemo:25.02@sha256:dcd657afd4b85c9ed3f1c784fe69a826f23915ed650ee453b3fd6812035f9989
#4 extracting sha256:33a228e7b1cd309b6e5e85eeec0d27b3ef88f7fa4f920d382593b1aaeffde5e6
#4 extracting sha256:33a228e7b1cd309b6e5e85eeec0d27b3ef88f7fa4f920d382593b1aaeffde5e6 5.9s done
#4 DONE 708.4s

#4 [1/3] FROM nvcr.io/nvidia/nemo:25.02@sha256:dcd657afd4b85c9ed3f1c784fe69a826f23915ed650ee453b3fd6812035f9989
#4 extracting sha256:4f4fb700ef54461cfa02571ae0db9a0dc1e0cdb5577484a6d75e68dc38e8acc1
#4 extracting sha256:4f4fb700ef54461cfa02571ae0db9a0dc1e0cdb5577484a6d75e68dc38e8acc1 0.4s done
#4 DONE 708.8s

#4 [1/3] FROM nvcr.io/nvidia/nemo:25.02@sha256:dcd657afd4b85c9ed3f1c784fe69a826f23915ed650ee453b3fd6812035f9989
#4 extracting sha256:46009762b0a4534ec51bdbcfde5eb3bd4f5809a39a69225284ec0ca6ce18c3db 0.1s done
#4 DONE 708.9s

#4 [1/3] FROM nvcr.io/nvidia/nemo:25.02@sha256:dcd657afd4b85c9ed3f1c784fe69a826f23915ed650ee453b3fd6812035f9989
#4 extracting sha256:abc9e20afe14a47c289446d348f6e108eaeadf08e55f3050d88d5e8ada6ad104
#4 extracting sha256:abc9e20afe14a47c289446d348f6e108eaeadf08e55f3050d88d5e8ada6ad104 61.7s done
#4 DONE 770.6s

#4 [1/3] FROM nvcr.io/nvidia/nemo:25.02@sha256:dcd657afd4b85c9ed3f1c784fe69a826f23915ed650ee453b3fd6812035f9989
#4 extracting sha256:8d4bc15cbc9472551ac0d308785819accc14c92f88950868308c6f0fa668a81e 0.1s done
#4 extracting sha256:e11f97f5c4f52b5c61f24d1a7649719e53290b36558959aba00065d0792dd43c
#4 extracting sha256:e11f97f5c4f52b5c61f24d1a7649719e53290b36558959aba00065d0792dd43c 260.6s done
#4 DONE 1031.4s

#4 [1/3] FROM nvcr.io/nvidia/nemo:25.02@sha256:dcd657afd4b85c9ed3f1c784fe69a826f23915ed650ee453b3fd6812035f9989
#4 extracting sha256:3a70ee7bf27a56f4dab9940cd17f334d4c4e122e05cfc8732bd398a455d26938
#4 extracting sha256:3a70ee7bf27a56f4dab9940cd17f334d4c4e122e05cfc8732bd398a455d26938 0.9s done
#4 DONE 1032.2s

#4 [1/3] FROM nvcr.io/nvidia/nemo:25.02@sha256:dcd657afd4b85c9ed3f1c784fe69a826f23915ed650ee453b3fd6812035f9989
#4 extracting sha256:3654a1062cd02bfbbbeade6a2fdaef212e16bcac31971dee456c02dcc78d1cc0 0.0s done
#4 extracting sha256:6feb92cce804a150bf5224c8dae3a0d5a395322eb45b387b0b56e8e31e2bc6a5 0.0s done
#4 extracting sha256:f011da65b9c4ed5695f87cbb300e5847ea28440d1e6dfb12821ba28797ce9862
#4 extracting sha256:f011da65b9c4ed5695f87cbb300e5847ea28440d1e6dfb12821ba28797ce9862 0.2s done
#4 DONE 1032.5s

#4 [1/3] FROM nvcr.io/nvidia/nemo:25.02@sha256:dcd657afd4b85c9ed3f1c784fe69a826f23915ed650ee453b3fd6812035f9989
#4 extracting sha256:8c96002af6ad0b597c099c424c7b1d88e999d48bfd3b87084ea89c8fdf39ebff
#4 extracting sha256:8c96002af6ad0b597c099c424c7b1d88e999d48bfd3b87084ea89c8fdf39ebff 0.7s done
#4 DONE 1033.1s

#4 [1/3] FROM nvcr.io/nvidia/nemo:25.02@sha256:dcd657afd4b85c9ed3f1c784fe69a826f23915ed650ee453b3fd6812035f9989
#4 extracting sha256:4f4fb700ef54461cfa02571ae0db9a0dc1e0cdb5577484a6d75e68dc38e8acc1 0.0s done
#4 extracting sha256:14aaa6cf0996493ecb54b215d363b4078d1f743723909caf12b2eb4e4e87fd7d 0.0s done
#4 DONE 1033.2s

#5 [2/3] RUN python -m pip install --no-cache-dir --upgrade     "transformers==4.56.2"     "huggingface_hub==0.36.0"     "soundfile==0.13.1"     "fastapi==0.116.1"     "uvicorn[standard]==0.35.0"     "httpx==0.28.1"     "python-multipart==0.0.20"     "jiwer==4.0.0"     "onnx==1.17.0"     "onnxscript==0.2.2"
#5 1.845 DEPRECATION: Loading egg at /usr/local/lib/python3.12/dist-packages/looseversion-1.3.0-py3.12.egg is deprecated. pip 25.1 will enforce this behaviour change. A possible replacement is to use pip for package installation. Discussion can be found at https://github.com/pypa/pip/issues/12330
#5 1.846 DEPRECATION: Loading egg at /usr/local/lib/python3.12/dist-packages/nvfuser-0.2.23a0+6627725-py3.12-linux-x86_64.egg is deprecated. pip 25.1 will enforce this behaviour change. A possible replacement is to use pip for package installation. Discussion can be found at https://github.com/pypa/pip/issues/12330
#5 1.846 DEPRECATION: Loading egg at /usr/local/lib/python3.12/dist-packages/lightning_utilities-0.12.0.dev0-py3.12.egg is deprecated. pip 25.1 will enforce this behaviour change. A possible replacement is to use pip for package installation. Discussion can be found at https://github.com/pypa/pip/issues/12330
#5 1.846 DEPRECATION: Loading egg at /usr/local/lib/python3.12/dist-packages/opt_einsum-3.4.0-py3.12.egg is deprecated. pip 25.1 will enforce this behaviour change. A possible replacement is to use pip for package installation. Discussion can be found at https://github.com/pypa/pip/issues/12330
#5 1.846 DEPRECATION: Loading egg at /usr/local/lib/python3.12/dist-packages/lightning_thunder-0.2.0.dev0-py3.12.egg is deprecated. pip 25.1 will enforce this behaviour change. A possible replacement is to use pip for package installation. Discussion can be found at https://github.com/pypa/pip/issues/12330
#5 1.853 Looking in indexes: https://pypi.org/simple, https://pypi.ngc.nvidia.com
#5 1.964 WARNING: Retrying (Retry(total=4, connect=None, read=None, redirect=None, status=None)) after connection broken by 'NewConnectionError('<pip._vendor.urllib3.connection.HTTPSConnection object at 0x7c957d2478f0>: Failed to establish a new connection: [Errno -2] Name or service not known')': /transformers/
#5 2.476 WARNING: Retrying (Retry(total=3, connect=None, read=None, redirect=None, status=None)) after connection broken by 'NewConnectionError('<pip._vendor.urllib3.connection.HTTPSConnection object at 0x7c957d138260>: Failed to establish a new connection: [Errno -2] Name or service not known')': /transformers/
#5 3.486 WARNING: Retrying (Retry(total=2, connect=None, read=None, redirect=None, status=None)) after connection broken by 'NewConnectionError('<pip._vendor.urllib3.connection.HTTPSConnection object at 0x7c957d1384a0>: Failed to establish a new connection: [Errno -2] Name or service not known')': /transformers/
#5 10.51 WARNING: Retrying (Retry(total=1, connect=None, read=None, redirect=None, status=None)) after connection broken by 'NewConnectionError('<pip._vendor.urllib3.connection.HTTPSConnection object at 0x7c957d138710>: Failed to establish a new connection: [Errno -2] Name or service not known')': /transformers/
#5 14.53 WARNING: Retrying (Retry(total=0, connect=None, read=None, redirect=None, status=None)) after connection broken by 'NewConnectionError('<pip._vendor.urllib3.connection.HTTPSConnection object at 0x7c957d138920>: Failed to establish a new connection: [Errno -2] Name or service not known')': /transformers/
#5 14.55 Collecting transformers==4.56.2
#5 14.58   Downloading transformers-4.56.2-py3-none-any.whl.metadata (40 kB)
#5 14.71 WARNING: Retrying (Retry(total=4, connect=None, read=None, redirect=None, status=None)) after connection broken by 'NewConnectionError('<pip._vendor.urllib3.connection.HTTPSConnection object at 0x7c957d04cb00>: Failed to establish a new connection: [Errno -2] Name or service not known')': /huggingface-hub/
#5 15.22 WARNING: Retrying (Retry(total=3, connect=None, read=None, redirect=None, status=None)) after connection broken by 'NewConnectionError('<pip._vendor.urllib3.connection.HTTPSConnection object at 0x7c957d1980e0>: Failed to establish a new connection: [Errno -2] Name or service not known')': /huggingface-hub/
#5 16.24 WARNING: Retrying (Retry(total=2, connect=None, read=None, redirect=None, status=None)) after connection broken by 'NewConnectionError('<pip._vendor.urllib3.connection.HTTPSConnection object at 0x7c957d04e540>: Failed to establish a new connection: [Errno -2] Name or service not known')': /huggingface-hub/
#5 18.25 WARNING: Retrying (Retry(total=1, connect=None, read=None, redirect=None, status=None)) after connection broken by 'NewConnectionError('<pip._vendor.urllib3.connection.HTTPSConnection object at 0x7c957d04e6f0>: Failed to establish a new connection: [Errno -2] Name or service not known')': /huggingface-hub/
#5 22.27 WARNING: Retrying (Retry(total=0, connect=None, read=None, redirect=None, status=None)) after connection broken by 'NewConnectionError('<pip._vendor.urllib3.connection.HTTPSConnection object at 0x7c957d04e960>: Failed to establish a new connection: [Errno -2] Name or service not known')': /huggingface-hub/
#5 22.28 Collecting huggingface_hub==0.36.0
#5 22.29   Downloading huggingface_hub-0.36.0-py3-none-any.whl.metadata (14 kB)
#5 22.32 WARNING: Retrying (Retry(total=4, connect=None, read=None, redirect=None, status=None)) after connection broken by 'NewConnectionError('<pip._vendor.urllib3.connection.HTTPSConnection object at 0x7c957cf79280>: Failed to establish a new connection: [Errno -2] Name or service not known')': /soundfile/
#5 22.83 WARNING: Retrying (Retry(total=3, connect=None, read=None, redirect=None, status=None)) after connection broken by 'NewConnectionError('<pip._vendor.urllib3.connection.HTTPSConnection object at 0x7c957cf68a70>: Failed to establish a new connection: [Errno -2] Name or service not known')': /soundfile/
#5 23.85 WARNING: Retrying (Retry(total=2, connect=None, read=None, redirect=None, status=None)) after connection broken by 'NewConnectionError('<pip._vendor.urllib3.connection.HTTPSConnection object at 0x7c957cf78bc0>: Failed to establish a new connection: [Errno -2] Name or service not known')': /soundfile/
#5 25.86 WARNING: Retrying (Retry(total=1, connect=None, read=None, redirect=None, status=None)) after connection broken by 'NewConnectionError('<pip._vendor.urllib3.connection.HTTPSConnection object at 0x7c957cf798e0>: Failed to establish a new connection: [Errno -2] Name or service not known')': /soundfile/
#5 29.87 WARNING: Retrying (Retry(total=0, connect=None, read=None, redirect=None, status=None)) after connection broken by 'NewConnectionError('<pip._vendor.urllib3.connection.HTTPSConnection object at 0x7c957cf79e80>: Failed to establish a new connection: [Errno -2] Name or service not known')': /soundfile/
#5 29.89 Collecting soundfile==0.13.1
#5 29.89   Downloading soundfile-0.13.1-py2.py3-none-manylinux_2_28_x86_64.whl.metadata (16 kB)
#5 29.95 WARNING: Retrying (Retry(total=4, connect=None, read=None, redirect=None, status=None)) after connection broken by 'NewConnectionError('<pip._vendor.urllib3.connection.HTTPSConnection object at 0x7c957ce2f230>: Failed to establish a new connection: [Errno -2] Name or service not known')': /fastapi/
#5 30.46 WARNING: Retrying (Retry(total=3, connect=None, read=None, redirect=None, status=None)) after connection broken by 'NewConnectionError('<pip._vendor.urllib3.connection.HTTPSConnection object at 0x7c957ce2f4d0>: Failed to establish a new connection: [Errno -2] Name or service not known')': /fastapi/
#5 31.48 WARNING: Retrying (Retry(total=2, connect=None, read=None, redirect=None, status=None)) after connection broken by 'NewConnectionError('<pip._vendor.urllib3.connection.HTTPSConnection object at 0x7c957ce2f680>: Failed to establish a new connection: [Errno -2] Name or service not known')': /fastapi/
#5 33.49 WARNING: Retrying (Retry(total=1, connect=None, read=None, redirect=None, status=None)) after connection broken by 'NewConnectionError('<pip._vendor.urllib3.connection.HTTPSConnection object at 0x7c957ce2f920>: Failed to establish a new connection: [Errno -2] Name or service not known')': /fastapi/
#5 37.50 WARNING: Retrying (Retry(total=0, connect=None, read=None, redirect=None, status=None)) after connection broken by 'NewConnectionError('<pip._vendor.urllib3.connection.HTTPSConnection object at 0x7c957ce2fb30>: Failed to establish a new connection: [Errno -2] Name or service not known')': /fastapi/
#5 37.52 Collecting fastapi==0.116.1
#5 37.53   Downloading fastapi-0.116.1-py3-none-any.whl.metadata (28 kB)
#5 37.56 WARNING: Retrying (Retry(total=4, connect=None, read=None, redirect=None, status=None)) after connection broken by 'NewConnectionError('<pip._vendor.urllib3.connection.HTTPSConnection object at 0x7c957cd34d70>: Failed to establish a new connection: [Errno -2] Name or service not known')': /uvicorn/
#5 38.08 WARNING: Retrying (Retry(total=3, connect=None, read=None, redirect=None, status=None)) after connection broken by 'NewConnectionError('<pip._vendor.urllib3.connection.HTTPSConnection object at 0x7c957cd359d0>: Failed to establish a new connection: [Errno -2] Name or service not known')': /uvicorn/
#5 39.09 WARNING: Retrying (Retry(total=2, connect=None, read=None, redirect=None, status=None)) after connection broken by 'NewConnectionError('<pip._vendor.urllib3.connection.HTTPSConnection object at 0x7c957cd35b80>: Failed to establish a new connection: [Errno -2] Name or service not known')': /uvicorn/
#5 41.10 WARNING: Retrying (Retry(total=1, connect=None, read=None, redirect=None, status=None)) after connection broken by 'NewConnectionError('<pip._vendor.urllib3.connection.HTTPSConnection object at 0x7c957cd35e80>: Failed to establish a new connection: [Errno -2] Name or service not known')': /uvicorn/
#5 45.12 WARNING: Retrying (Retry(total=0, connect=None, read=None, redirect=None, status=None)) after connection broken by 'NewConnectionError('<pip._vendor.urllib3.connection.HTTPSConnection object at 0x7c957cd35eb0>: Failed to establish a new connection: [Errno -2] Name or service not known')': /uvicorn/
#5 45.13 Collecting uvicorn==0.35.0 (from uvicorn[standard]==0.35.0)
#5 45.14   Downloading uvicorn-0.35.0-py3-none-any.whl.metadata (6.5 kB)
#5 45.14 Requirement already satisfied: httpx==0.28.1 in /usr/local/lib/python3.12/dist-packages (0.28.1)
#5 45.17 WARNING: Retrying (Retry(total=4, connect=None, read=None, redirect=None, status=None)) after connection broken by 'NewConnectionError('<pip._vendor.urllib3.connection.HTTPSConnection object at 0x7c957cd692b0>: Failed to establish a new connection: [Errno -2] Name or service not known')': /httpx/
#5 45.68 WARNING: Retrying (Retry(total=3, connect=None, read=None, redirect=None, status=None)) after connection broken by 'NewConnectionError('<pip._vendor.urllib3.connection.HTTPSConnection object at 0x7c957cd69520>: Failed to establish a new connection: [Errno -2] Name or service not known')': /httpx/
#5 46.69 WARNING: Retrying (Retry(total=2, connect=None, read=None, redirect=None, status=None)) after connection broken by 'NewConnectionError('<pip._vendor.urllib3.connection.HTTPSConnection object at 0x7c957cd697f0>: Failed to establish a new connection: [Errno -2] Name or service not known')': /httpx/
#5 48.71 WARNING: Retrying (Retry(total=1, connect=None, read=None, redirect=None, status=None)) after connection broken by 'NewConnectionError('<pip._vendor.urllib3.connection.HTTPSConnection object at 0x7c957cd69a30>: Failed to establish a new connection: [Errno -2] Name or service not known')': /httpx/
#5 52.72 WARNING: Retrying (Retry(total=0, connect=None, read=None, redirect=None, status=None)) after connection broken by 'NewConnectionError('<pip._vendor.urllib3.connection.HTTPSConnection object at 0x7c957cd69cd0>: Failed to establish a new connection: [Errno -2] Name or service not known')': /httpx/
#5 52.76 WARNING: Retrying (Retry(total=4, connect=None, read=None, redirect=None, status=None)) after connection broken by 'NewConnectionError('<pip._vendor.urllib3.connection.HTTPSConnection object at 0x7c957cd69880>: Failed to establish a new connection: [Errno -2] Name or service not known')': /python-multipart/
#5 53.27 WARNING: Retrying (Retry(total=3, connect=None, read=None, redirect=None, status=None)) after connection broken by 'NewConnectionError('<pip._vendor.urllib3.connection.HTTPSConnection object at 0x7c957cd90710>: Failed to establish a new connection: [Errno -2] Name or service not known')': /python-multipart/
#5 54.28 WARNING: Retrying (Retry(total=2, connect=None, read=None, redirect=None, status=None)) after connection broken by 'NewConnectionError('<pip._vendor.urllib3.connection.HTTPSConnection object at 0x7c957cd90920>: Failed to establish a new connection: [Errno -2] Name or service not known')': /python-multipart/
#5 56.30 WARNING: Retrying (Retry(total=1, connect=None, read=None, redirect=None, status=None)) after connection broken by 'NewConnectionError('<pip._vendor.urllib3.connection.HTTPSConnection object at 0x7c957cd90b90>: Failed to establish a new connection: [Errno -2] Name or service not known')': /python-multipart/
#5 60.31 WARNING: Retrying (Retry(total=0, connect=None, read=None, redirect=None, status=None)) after connection broken by 'NewConnectionError('<pip._vendor.urllib3.connection.HTTPSConnection object at 0x7c957cd90d10>: Failed to establish a new connection: [Errno -2] Name or service not known')': /python-multipart/
#5 60.32 Collecting python-multipart==0.0.20
#5 60.33   Downloading python_multipart-0.0.20-py3-none-any.whl.metadata (1.8 kB)
#5 60.35 WARNING: Retrying (Retry(total=4, connect=None, read=None, redirect=None, status=None)) after connection broken by 'NewConnectionError('<pip._vendor.urllib3.connection.HTTPSConnection object at 0x7c957cd90e00>: Failed to establish a new connection: [Errno -2] Name or service not known')': /jiwer/
#5 60.86 WARNING: Retrying (Retry(total=3, connect=None, read=None, redirect=None, status=None)) after connection broken by 'NewConnectionError('<pip._vendor.urllib3.connection.HTTPSConnection object at 0x7c957cd926f0>: Failed to establish a new connection: [Errno -2] Name or service not known')': /jiwer/
#5 61.87 WARNING: Retrying (Retry(total=2, connect=None, read=None, redirect=None, status=None)) after connection broken by 'NewConnectionError('<pip._vendor.urllib3.connection.HTTPSConnection object at 0x7c957cd929c0>: Failed to establish a new connection: [Errno -2] Name or service not known')': /jiwer/
#5 63.88 WARNING: Retrying (Retry(total=1, connect=None, read=None, redirect=None, status=None)) after connection broken by 'NewConnectionError('<pip._vendor.urllib3.connection.HTTPSConnection object at 0x7c957cd92c90>: Failed to establish a new connection: [Errno -2] Name or service not known')': /jiwer/
#5 67.90 WARNING: Retrying (Retry(total=0, connect=None, read=None, redirect=None, status=None)) after connection broken by 'NewConnectionError('<pip._vendor.urllib3.connection.HTTPSConnection object at 0x7c957cd92f60>: Failed to establish a new connection: [Errno -2] Name or service not known')': /jiwer/
#5 67.91 Collecting jiwer==4.0.0
#5 67.91   Downloading jiwer-4.0.0-py3-none-any.whl.metadata (3.3 kB)
#5 67.92 Requirement already satisfied: onnx==1.17.0 in /usr/local/lib/python3.12/dist-packages (1.17.0)
#5 67.97 WARNING: Retrying (Retry(total=4, connect=None, read=None, redirect=None, status=None)) after connection broken by 'NewConnectionError('<pip._vendor.urllib3.connection.HTTPSConnection object at 0x7c957ca7fc20>: Failed to establish a new connection: [Errno -2] Name or service not known')': /onnx/
#5 68.48 WARNING: Retrying (Retry(total=3, connect=None, read=None, redirect=None, status=None)) after connection broken by 'NewConnectionError('<pip._vendor.urllib3.connection.HTTPSConnection object at 0x7c957ca7fef0>: Failed to establish a new connection: [Errno -2] Name or service not known')': /onnx/
#5 69.50 WARNING: Retrying (Retry(total=2, connect=None, read=None, redirect=None, status=None)) after connection broken by 'NewConnectionError('<pip._vendor.urllib3.connection.HTTPSConnection object at 0x7c957cb28170>: Failed to establish a new connection: [Errno -2] Name or service not known')': /onnx/
#5 71.51 WARNING: Retrying (Retry(total=1, connect=None, read=None, redirect=None, status=None)) after connection broken by 'NewConnectionError('<pip._vendor.urllib3.connection.HTTPSConnection object at 0x7c957cb28440>: Failed to establish a new connection: [Errno -2] Name or service not known')': /onnx/
#5 75.52 WARNING: Retrying (Retry(total=0, connect=None, read=None, redirect=None, status=None)) after connection broken by 'NewConnectionError('<pip._vendor.urllib3.connection.HTTPSConnection object at 0x7c957cb28680>: Failed to establish a new connection: [Errno -2] Name or service not known')': /onnx/
#5 75.64 WARNING: Retrying (Retry(total=4, connect=None, read=None, redirect=None, status=None)) after connection broken by 'NewConnectionError('<pip._vendor.urllib3.connection.HTTPSConnection object at 0x7c957cacb410>: Failed to establish a new connection: [Errno -2] Name or service not known')': /onnxscript/
#5 76.15 WARNING: Retrying (Retry(total=3, connect=None, read=None, redirect=None, status=None)) after connection broken by 'NewConnectionError('<pip._vendor.urllib3.connection.HTTPSConnection object at 0x7c957cacbc80>: Failed to establish a new connection: [Errno -2] Name or service not known')': /onnxscript/
#5 77.17 WARNING: Retrying (Retry(total=2, connect=None, read=None, redirect=None, status=None)) after connection broken by 'NewConnectionError('<pip._vendor.urllib3.connection.HTTPSConnection object at 0x7c957cacbe90>: Failed to establish a new connection: [Errno -2] Name or service not known')': /onnxscript/
#5 79.18 WARNING: Retrying (Retry(total=1, connect=None, read=None, redirect=None, status=None)) after connection broken by 'NewConnectionError('<pip._vendor.urllib3.connection.HTTPSConnection object at 0x7c957cae80e0>: Failed to establish a new connection: [Errno -2] Name or service not known')': /onnxscript/
#5 83.19 WARNING: Retrying (Retry(total=0, connect=None, read=None, redirect=None, status=None)) after connection broken by 'NewConnectionError('<pip._vendor.urllib3.connection.HTTPSConnection object at 0x7c957cae83e0>: Failed to establish a new connection: [Errno -2] Name or service not known')': /onnxscript/
#5 83.22 Collecting onnxscript==0.2.2
#5 83.24   Downloading onnxscript-0.2.2-py3-none-any.whl.metadata (15 kB)
#5 83.24 Requirement already satisfied: filelock in /usr/local/lib/python3.12/dist-packages (from transformers==4.56.2) (3.16.1)
#5 83.25 Requirement already satisfied: numpy>=1.17 in /usr/local/lib/python3.12/dist-packages (from transformers==4.56.2) (1.26.4)
#5 83.25 Requirement already satisfied: packaging>=20.0 in /usr/local/lib/python3.12/dist-packages (from transformers==4.56.2) (23.2)
#5 83.25 Requirement already satisfied: pyyaml>=5.1 in /usr/local/lib/python3.12/dist-packages (from transformers==4.56.2) (6.0.2)
#5 83.25 Requirement already satisfied: regex!=2019.12.17 in /usr/local/lib/python3.12/dist-packages (from transformers==4.56.2) (2024.11.6)
#5 83.25 Requirement already satisfied: requests in /usr/local/lib/python3.12/dist-packages (from transformers==4.56.2) (2.32.3)
#5 83.36 WARNING: Retrying (Retry(total=4, connect=None, read=None, redirect=None, status=None)) after connection broken by 'NewConnectionError('<pip._vendor.urllib3.connection.HTTPSConnection object at 0x7c957bf86450>: Failed to establish a new connection: [Errno -2] Name or service not known')': /tokenizers/
#5 83.87 WARNING: Retrying (Retry(total=3, connect=None, read=None, redirect=None, status=None)) after connection broken by 'NewConnectionError('<pip._vendor.urllib3.connection.HTTPSConnection object at 0x7c957bf868d0>: Failed to establish a new connection: [Errno -2] Name or service not known')': /tokenizers/
#5 84.89 WARNING: Retrying (Retry(total=2, connect=None, read=None, redirect=None, status=None)) after connection broken by 'NewConnectionError('<pip._vendor.urllib3.connection.HTTPSConnection object at 0x7c957bf86b10>: Failed to establish a new connection: [Errno -2] Name or service not known')': /tokenizers/
#5 86.90 WARNING: Retrying (Retry(total=1, connect=None, read=None, redirect=None, status=None)) after connection broken by 'NewConnectionError('<pip._vendor.urllib3.connection.HTTPSConnection object at 0x7c957bf86cf0>: Failed to establish a new connection: [Errno -2] Name or service not known')': /tokenizers/
#5 90.92 WARNING: Retrying (Retry(total=0, connect=None, read=None, redirect=None, status=None)) after connection broken by 'NewConnectionError('<pip._vendor.urllib3.connection.HTTPSConnection object at 0x7c957bf86f00>: Failed to establish a new connection: [Errno -2] Name or service not known')': /tokenizers/
#5 90.93 Collecting tokenizers<=0.23.0,>=0.22.0 (from transformers==4.56.2)
#5 90.94   Downloading tokenizers-0.22.2-cp39-abi3-manylinux_2_17_x86_64.manylinux2014_x86_64.whl.metadata (7.3 kB)
#5 90.94 Requirement already satisfied: safetensors>=0.4.3 in /usr/local/lib/python3.12/dist-packages (from transformers==4.56.2) (0.5.2)
#5 90.94 Requirement already satisfied: tqdm>=4.27 in /usr/local/lib/python3.12/dist-packages (from transformers==4.56.2) (4.67.1)
#5 90.94 Requirement already satisfied: fsspec>=2023.5.0 in /usr/local/lib/python3.12/dist-packages (from huggingface_hub==0.36.0) (2024.10.0)
#5 90.94 Requirement already satisfied: typing-extensions>=3.7.4.3 in /usr/local/lib/python3.12/dist-packages (from huggingface_hub==0.36.0) (4.12.2)
#5 90.98 WARNING: Retrying (Retry(total=4, connect=None, read=None, redirect=None, status=None)) after connection broken by 'NewConnectionError('<pip._vendor.urllib3.connection.HTTPSConnection object at 0x7c957c1b93d0>: Failed to establish a new connection: [Errno -2] Name or service not known')': /hf-xet/
#5 91.50 WARNING: Retrying (Retry(total=3, connect=None, read=None, redirect=None, status=None)) after connection broken by 'NewConnectionError('<pip._vendor.urllib3.connection.HTTPSConnection object at 0x7c957c1b9a00>: Failed to establish a new connection: [Errno -2] Name or service not known')': /hf-xet/
#5 92.51 WARNING: Retrying (Retry(total=2, connect=None, read=None, redirect=None, status=None)) after connection broken by 'NewConnectionError('<pip._vendor.urllib3.connection.HTTPSConnection object at 0x7c957c1b9c40>: Failed to establish a new connection: [Errno -2] Name or service not known')': /hf-xet/
#5 94.52 WARNING: Retrying (Retry(total=1, connect=None, read=None, redirect=None, status=None)) after connection broken by 'NewConnectionError('<pip._vendor.urllib3.connection.HTTPSConnection object at 0x7c957c1b9e20>: Failed to establish a new connection: [Errno -2] Name or service not known')': /hf-xet/
#5 98.54 WARNING: Retrying (Retry(total=0, connect=None, read=None, redirect=None, status=None)) after connection broken by 'NewConnectionError('<pip._vendor.urllib3.connection.HTTPSConnection object at 0x7c957c1b9fd0>: Failed to establish a new connection: [Errno -2] Name or service not known')': /hf-xet/
#5 98.55 Collecting hf-xet<2.0.0,>=1.1.3 (from huggingface_hub==0.36.0)
#5 98.56   Downloading hf_xet-1.6.0-cp38-abi3-manylinux2014_x86_64.manylinux_2_17_x86_64.whl.metadata (4.9 kB)
#5 98.56 Requirement already satisfied: cffi>=1.0 in /usr/local/lib/python3.12/dist-packages (from soundfile==0.13.1) (1.17.1)
#5 98.56 Requirement already satisfied: starlette<0.48.0,>=0.40.0 in /usr/local/lib/python3.12/dist-packages (from fastapi==0.116.1) (0.41.3)
#5 98.56 Requirement already satisfied: pydantic!=1.8,!=1.8.1,!=2.0.0,!=2.0.1,!=2.1.0,<3.0.0,>=1.7.4 in /usr/local/lib/python3.12/dist-packages (from fastapi==0.116.1) (2.10.5)
#5 98.56 Requirement already satisfied: click>=7.0 in /usr/local/lib/python3.12/dist-packages (from uvicorn==0.35.0->uvicorn[standard]==0.35.0) (8.1.8)
#5 98.56 Requirement already satisfied: h11>=0.8 in /usr/local/lib/python3.12/dist-packages (from uvicorn==0.35.0->uvicorn[standard]==0.35.0) (0.14.0)
#5 98.56 Requirement already satisfied: anyio in /usr/local/lib/python3.12/dist-packages (from httpx==0.28.1) (4.8.0)
#5 98.56 Requirement already satisfied: certifi in /usr/local/lib/python3.12/dist-packages (from httpx==0.28.1) (2024.12.14)
#5 98.56 Requirement already satisfied: httpcore==1.* in /usr/local/lib/python3.12/dist-packages (from httpx==0.28.1) (1.0.7)
#5 98.56 Requirement already satisfied: idna in /usr/local/lib/python3.12/dist-packages (from httpx==0.28.1) (3.10)
#5 98.56 Requirement already satisfied: rapidfuzz>=3.9.7 in /usr/local/lib/python3.12/dist-packages (from jiwer==4.0.0) (3.12.2)
#5 98.56 Requirement already satisfied: protobuf>=3.20.2 in /usr/local/lib/python3.12/dist-packages (from onnx==1.17.0) (3.20.3)
#5 98.57 Requirement already satisfied: ml_dtypes in /usr/local/lib/python3.12/dist-packages (from onnxscript==0.2.2) (0.5.1)
#5 98.60 WARNING: Retrying (Retry(total=4, connect=None, read=None, redirect=None, status=None)) after connection broken by 'NewConnectionError('<pip._vendor.urllib3.connection.HTTPSConnection object at 0x7c957c2ad700>: Failed to establish a new connection: [Errno -2] Name or service not known')': /httptools/
#5 99.11 WARNING: Retrying (Retry(total=3, connect=None, read=None, redirect=None, status=None)) after connection broken by 'NewConnectionError('<pip._vendor.urllib3.connection.HTTPSConnection object at 0x7c957c2ad9d0>: Failed to establish a new connection: [Errno -2] Name or service not known')': /httptools/
#5 100.1 WARNING: Retrying (Retry(total=2, connect=None, read=None, redirect=None, status=None)) after connection broken by 'NewConnectionError('<pip._vendor.urllib3.connection.HTTPSConnection object at 0x7c957c2adb80>: Failed to establish a new connection: [Errno -2] Name or service not known')': /httptools/
#5 102.1 WARNING: Retrying (Retry(total=1, connect=None, read=None, redirect=None, status=None)) after connection broken by 'NewConnectionError('<pip._vendor.urllib3.connection.HTTPSConnection object at 0x7c957c2add60>: Failed to establish a new connection: [Errno -2] Name or service not known')': /httptools/
#5 106.2 WARNING: Retrying (Retry(total=0, connect=None, read=None, redirect=None, status=None)) after connection broken by 'NewConnectionError('<pip._vendor.urllib3.connection.HTTPSConnection object at 0x7c957c2adf70>: Failed to establish a new connection: [Errno -2] Name or service not known')': /httptools/
#5 106.2 Collecting httptools>=0.6.3 (from uvicorn[standard]==0.35.0)
#5 106.2   Downloading httptools-0.8.0-cp312-cp312-manylinux1_x86_64.manylinux_2_28_x86_64.manylinux_2_5_x86_64.whl.metadata (3.5 kB)
#5 106.2 Requirement already satisfied: python-dotenv>=0.13 in /usr/local/lib/python3.12/dist-packages (from uvicorn[standard]==0.35.0) (1.0.1)
#5 106.2 WARNING: Retrying (Retry(total=4, connect=None, read=None, redirect=None, status=None)) after connection broken by 'NewConnectionError('<pip._vendor.urllib3.connection.HTTPSConnection object at 0x7c957bdf9100>: Failed to establish a new connection: [Errno -2] Name or service not known')': /uvloop/
#5 106.7 WARNING: Retrying (Retry(total=3, connect=None, read=None, redirect=None, status=None)) after connection broken by 'NewConnectionError('<pip._vendor.urllib3.connection.HTTPSConnection object at 0x7c957bdf9340>: Failed to establish a new connection: [Errno -2] Name or service not known')': /uvloop/
#5 107.8 WARNING: Retrying (Retry(total=2, connect=None, read=None, redirect=None, status=None)) after connection broken by 'NewConnectionError('<pip._vendor.urllib3.connection.HTTPSConnection object at 0x7c957bdf9550>: Failed to establish a new connection: [Errno -2] Name or service not known')': /uvloop/
#5 109.8 WARNING: Retrying (Retry(total=1, connect=None, read=None, redirect=None, status=None)) after connection broken by 'NewConnectionError('<pip._vendor.urllib3.connection.HTTPSConnection object at 0x7c957bdf9790>: Failed to establish a new connection: [Errno -2] Name or service not known')': /uvloop/
#5 113.8 WARNING: Retrying (Retry(total=0, connect=None, read=None, redirect=None, status=None)) after connection broken by 'NewConnectionError('<pip._vendor.urllib3.connection.HTTPSConnection object at 0x7c957bdf9a30>: Failed to establish a new connection: [Errno -2] Name or service not known')': /uvloop/
#5 113.8 Collecting uvloop>=0.15.1 (from uvicorn[standard]==0.35.0)
#5 113.8   Downloading uvloop-0.22.1-cp312-cp312-manylinux2014_x86_64.manylinux_2_17_x86_64.manylinux_2_28_x86_64.whl.metadata (4.9 kB)
#5 113.9 WARNING: Retrying (Retry(total=4, connect=None, read=None, redirect=None, status=None)) after connection broken by 'NewConnectionError('<pip._vendor.urllib3.connection.HTTPSConnection object at 0x7c957bc819a0>: Failed to establish a new connection: [Errno -2] Name or service not known')': /watchfiles/
#5 114.4 WARNING: Retrying (Retry(total=3, connect=None, read=None, redirect=None, status=None)) after connection broken by 'NewConnectionError('<pip._vendor.urllib3.connection.HTTPSConnection object at 0x7c957bc81c40>: Failed to establish a new connection: [Errno -2] Name or service not known')': /watchfiles/
#5 115.4 WARNING: Retrying (Retry(total=2, connect=None, read=None, redirect=None, status=None)) after connection broken by 'NewConnectionError('<pip._vendor.urllib3.connection.HTTPSConnection object at 0x7c957bc81dc0>: Failed to establish a new connection: [Errno -2] Name or service not known')': /watchfiles/
#5 117.4 WARNING: Retrying (Retry(total=1, connect=None, read=None, redirect=None, status=None)) after connection broken by 'NewConnectionError('<pip._vendor.urllib3.connection.HTTPSConnection object at 0x7c957bc820f0>: Failed to establish a new connection: [Errno -2] Name or service not known')': /watchfiles/
#5 121.4 WARNING: Retrying (Retry(total=0, connect=None, read=None, redirect=None, status=None)) after connection broken by 'NewConnectionError('<pip._vendor.urllib3.connection.HTTPSConnection object at 0x7c957bc82180>: Failed to establish a new connection: [Errno -2] Name or service not known')': /watchfiles/
#5 121.4 Collecting watchfiles>=0.13 (from uvicorn[standard]==0.35.0)
#5 121.4   Downloading watchfiles-1.2.0-cp312-cp312-manylinux_2_17_x86_64.manylinux2014_x86_64.whl.metadata (4.9 kB)
#5 121.5 WARNING: Retrying (Retry(total=4, connect=None, read=None, redirect=None, status=None)) after connection broken by 'NewConnectionError('<pip._vendor.urllib3.connection.HTTPSConnection object at 0x7c957b725b20>: Failed to establish a new connection: [Errno -2] Name or service not known')': /websockets/
#5 122.0 WARNING: Retrying (Retry(total=3, connect=None, read=None, redirect=None, status=None)) after connection broken by 'NewConnectionError('<pip._vendor.urllib3.connection.HTTPSConnection object at 0x7c957b725d60>: Failed to establish a new connection: [Errno -2] Name or service not known')': /websockets/
#5 123.0 WARNING: Retrying (Retry(total=2, connect=None, read=None, redirect=None, status=None)) after connection broken by 'NewConnectionError('<pip._vendor.urllib3.connection.HTTPSConnection object at 0x7c957b725f40>: Failed to establish a new connection: [Errno -2] Name or service not known')': /websockets/
#5 125.1 WARNING: Retrying (Retry(total=1, connect=None, read=None, redirect=None, status=None)) after connection broken by 'NewConnectionError('<pip._vendor.urllib3.connection.HTTPSConnection object at 0x7c957b726180>: Failed to establish a new connection: [Errno -2] Name or service not known')': /websockets/
#5 129.1 WARNING: Retrying (Retry(total=0, connect=None, read=None, redirect=None, status=None)) after connection broken by 'NewConnectionError('<pip._vendor.urllib3.connection.HTTPSConnection object at 0x7c957b7263c0>: Failed to establish a new connection: [Errno -2] Name or service not known')': /websockets/
#5 129.1 Collecting websockets>=10.4 (from uvicorn[standard]==0.35.0)
#5 129.1   Downloading websockets-17.1-cp312-cp312-manylinux1_x86_64.manylinux_2_28_x86_64.manylinux_2_5_x86_64.whl.metadata (6.3 kB)
#5 129.1 Requirement already satisfied: pycparser in /usr/local/lib/python3.12/dist-packages (from cffi>=1.0->soundfile==0.13.1) (2.22)
#5 129.1 Requirement already satisfied: annotated-types>=0.6.0 in /usr/local/lib/python3.12/dist-packages (from pydantic!=1.8,!=1.8.1,!=2.0.0,!=2.0.1,!=2.1.0,<3.0.0,>=1.7.4->fastapi==0.116.1) (0.7.0)
#5 129.1 Requirement already satisfied: pydantic-core==2.27.2 in /usr/local/lib/python3.12/dist-packages (from pydantic!=1.8,!=1.8.1,!=2.0.0,!=2.0.1,!=2.1.0,<3.0.0,>=1.7.4->fastapi==0.116.1) (2.27.2)
#5 129.1 Requirement already satisfied: sniffio>=1.1 in /usr/local/lib/python3.12/dist-packages (from anyio->httpx==0.28.1) (1.3.1)
#5 129.1 Requirement already satisfied: charset-normalizer<4,>=2 in /usr/local/lib/python3.12/dist-packages (from requests->transformers==4.56.2) (3.4.1)
#5 129.1 Requirement already satisfied: urllib3<3,>=1.21.1 in /usr/local/lib/python3.12/dist-packages (from requests->transformers==4.56.2) (1.26.20)
#5 129.1 Downloading transformers-4.56.2-py3-none-any.whl (11.6 MB)
#5 129.3    ━━━━━━━━━━━━━━━━━━━━━━━━━━━━━━━━━━━━━━━━ 11.6/11.6 MB 90.0 MB/s eta 0:00:00
#5 129.3 Downloading huggingface_hub-0.36.0-py3-none-any.whl (566 kB)
#5 129.3    ━━━━━━━━━━━━━━━━━━━━━━━━━━━━━━━━━━━━━━━ 566.1/566.1 kB 490.4 MB/s eta 0:00:00
#5 129.3 Downloading soundfile-0.13.1-py2.py3-none-manylinux_2_28_x86_64.whl (1.3 MB)
#5 129.3    ━━━━━━━━━━━━━━━━━━━━━━━━━━━━━━━━━━━━━━━━ 1.3/1.3 MB 357.1 MB/s eta 0:00:00
#5 129.3 Downloading fastapi-0.116.1-py3-none-any.whl (95 kB)
#5 129.3 Downloading uvicorn-0.35.0-py3-none-any.whl (66 kB)
#5 129.3 Downloading python_multipart-0.0.20-py3-none-any.whl (24 kB)
#5 129.3 Downloading jiwer-4.0.0-py3-none-any.whl (23 kB)
#5 129.3 Downloading onnxscript-0.2.2-py3-none-any.whl (694 kB)
#5 129.3    ━━━━━━━━━━━━━━━━━━━━━━━━━━━━━━━━━━━━━━━ 694.9/694.9 kB 994.8 MB/s eta 0:00:00
#5 129.3 Downloading hf_xet-1.6.0-cp38-abi3-manylinux2014_x86_64.manylinux_2_17_x86_64.whl (4.5 MB)
#5 129.4    ━━━━━━━━━━━━━━━━━━━━━━━━━━━━━━━━━━━━━━━━ 4.5/4.5 MB 276.2 MB/s eta 0:00:00
#5 129.4 Downloading httptools-0.8.0-cp312-cp312-manylinux1_x86_64.manylinux_2_28_x86_64.manylinux_2_5_x86_64.whl (523 kB)
#5 129.4 Downloading tokenizers-0.22.2-cp39-abi3-manylinux_2_17_x86_64.manylinux2014_x86_64.whl (3.3 MB)
#5 129.4    ━━━━━━━━━━━━━━━━━━━━━━━━━━━━━━━━━━━━━━━━ 3.3/3.3 MB 394.0 MB/s eta 0:00:00
#5 129.4 Downloading uvloop-0.22.1-cp312-cp312-manylinux2014_x86_64.manylinux_2_17_x86_64.manylinux_2_28_x86_64.whl (4.4 MB)
#5 129.4    ━━━━━━━━━━━━━━━━━━━━━━━━━━━━━━━━━━━━━━━━ 4.4/4.4 MB 721.6 MB/s eta 0:00:00
#5 129.4 Downloading watchfiles-1.2.0-cp312-cp312-manylinux_2_17_x86_64.manylinux2014_x86_64.whl (456 kB)
#5 129.4 Downloading websockets-17.1-cp312-cp312-manylinux1_x86_64.manylinux_2_28_x86_64.manylinux_2_5_x86_64.whl (224 kB)
#5 130.0 Installing collected packages: websockets, uvloop, uvicorn, python-multipart, jiwer, httptools, hf-xet, watchfiles, soundfile, onnxscript, huggingface_hub, tokenizers, fastapi, transformers
#5 130.1   Attempting uninstall: uvicorn
#5 130.1     Found existing installation: uvicorn 0.34.0
#5 130.1     Uninstalling uvicorn-0.34.0:
#5 130.2       Successfully uninstalled uvicorn-0.34.0
#5 130.2   Attempting uninstall: jiwer
#5 130.2     Found existing installation: jiwer 3.1.0
#5 130.2     Uninstalling jiwer-3.1.0:
#5 130.2       Successfully uninstalled jiwer-3.1.0
#5 130.3   Attempting uninstall: soundfile
#5 130.3     Found existing installation: soundfile 0.13.0
#5 130.3     Uninstalling soundfile-0.13.0:
#5 130.8       Successfully uninstalled soundfile-0.13.0
#5 131.1   Attempting uninstall: huggingface_hub
#5 131.1     Found existing installation: huggingface-hub 0.29.2
#5 131.1     Uninstalling huggingface-hub-0.29.2:
#5 131.1       Successfully uninstalled huggingface-hub-0.29.2
#5 131.3   Attempting uninstall: tokenizers
#5 131.3     Found existing installation: tokenizers 0.21.0
#5 131.3     Uninstalling tokenizers-0.21.0:
#5 131.3       Successfully uninstalled tokenizers-0.21.0
#5 131.4   Attempting uninstall: fastapi
#5 131.4     Found existing installation: fastapi 0.115.4
#5 131.4     Uninstalling fastapi-0.115.4:
#5 131.4       Successfully uninstalled fastapi-0.115.4
#5 131.5   Attempting uninstall: transformers
#5 131.5     Found existing installation: transformers 4.48.3
#5 131.6     Uninstalling transformers-4.48.3:
#5 131.9       Successfully uninstalled transformers-4.48.3
#5 136.5 ERROR: pip's dependency resolver does not currently take into account all the packages that are installed. This behaviour is the source of the following dependency conflicts.
#5 136.5 tensorrt-llm 0.17.0 requires fastapi==0.115.4, but you have fastapi 0.116.1 which is incompatible.
#5 136.5 tensorrt-llm 0.17.0 requires nvidia-modelopt[torch]==0.23.0rc3, but you have nvidia-modelopt 0.23.2 which is incompatible.
#5 136.5 tensorrt-llm 0.17.0 requires pynvml>=11.5.0, but you have pynvml 11.4.1 which is incompatible.
#5 136.5 tensorrt-llm 0.17.0 requires transformers<4.48.0,>=4.47.0, but you have transformers 4.56.2 which is incompatible.
#5 136.5 Successfully installed fastapi-0.116.1 hf-xet-1.6.0 httptools-0.8.0 huggingface_hub-0.36.0 jiwer-4.0.0 onnxscript-0.2.2 python-multipart-0.0.20 soundfile-0.13.1 tokenizers-0.22.2 transformers-4.56.2 uvicorn-0.35.0 uvloop-0.22.1 watchfiles-1.2.0 websockets-17.1
#5 136.5 WARNING: Running pip as the 'root' user can result in broken permissions and conflicting behaviour with the system package manager, possibly rendering your system unusable.It is recommended to use a virtual environment instead: https://pip.pypa.io/warnings/venv. Use the --root-user-action option if you know what you are doing and want to suppress this warning.
#5 136.6
#5 136.6 [notice] A new release of pip is available: 24.3.1 -> 26.2.1
#5 136.6 [notice] To update, run: python -m pip install --upgrade pip
#5 DONE 137.3s

#6 [3/3] WORKDIR /workspace
#6 DONE 0.1s

#7 exporting to image
#7 exporting layers
#7 exporting layers 4.2s done
#7 exporting manifest sha256:671f852e5204d09fdb6ae425b1224f191d3afaee6b8e96a206d214c34706f3b4 0.0s done
#7 exporting config sha256:ac062a7c99f3eb40cfa312ae55b2d2710df6f1a35e7f23d35a7019ab7de7d2ff 0.0s done
#7 exporting attestation manifest sha256:00df45e49d811de4632f4bb66ded6101f7b3ffc7ad8e2360ddaf1aeadee3aa2a 0.0s done
#7 exporting manifest list sha256:5cd40e9c02e7cadfba86b8b843d9ab2e5fa16ce53e60c1a796dedde673275e2b 0.0s done
#7 naming to docker.io/library/shrutam2-runtime:25.02
#7 naming to docker.io/library/shrutam2-runtime:25.02 done
#7 unpacking to docker.io/library/shrutam2-runtime:25.02
#7 unpacking to docker.io/library/shrutam2-runtime:25.02 0.7s done
#7 DONE 5.0s
["shrutam2-runtime@sha256:5cd40e9c02e7cadfba86b8b843d9ab2e5fa16ce53e60c1a796dedde673275e2b"] sha256:5cd40e9c02e7cadfba86b8b843d9ab2e5fa16ce53e60c1a796dedde673275e2b
